{
    "$schema": "http://schema.management.azure.com/schemas/2015-01-01/deploymentTemplate.json#",
    "contentVersion": "1.0.0.0",
    "parameters": {
        "factoryName": {
            "type": "string",
            "metadata": "Data Factory name",
            "defaultValue": "covid19-reporting-adf-shk"
        },
        "ls_ablob_covidreportingsa_connectionString": {
            "type": "secureString",
            "metadata": "Secure string for 'connectionString' of 'ls_ablob_covidreportingsa'"
        },
        "ls_adls_covidreportingdl_accountKey": {
            "type": "secureString",
            "metadata": "Secure string for 'accountKey' of 'ls_adls_covidreportingdl'"
        },
        "ls_db_covid_cluster_accessToken": {
            "type": "secureString",
            "metadata": "Secure string for 'accessToken' of 'ls_db_covid_cluster'"
        },
        "ls_sql_covid_db_password": {
            "type": "secureString",
            "metadata": "Secure string for 'password' of 'ls_sql_covid_db'"
        },
        "ls_adls_covidreportingdl_properties_typeProperties_url": {
            "type": "string",
            "defaultValue": "https://covidreportingdlshk.dfs.core.windows.net/"
        },
        "ls_http_opendata_ecdc_europa_eu_properties_typeProperties_url": {
            "type": "string",
            "defaultValue": "@{linkedService().sourceBaseURL}"
        },
        "ls_db_covid_cluster_properties_typeProperties_existingClusterId": {
            "type": "string",
            "defaultValue": "0525-124917-8ggocbeo"
        },
        "ls_sql_covid_db_properties_typeProperties_server": {
            "type": "string",
            "defaultValue": "covid-srv-shk.database.windows.net"
        },
        "ls_sql_covid_db_properties_typeProperties_database": {
            "type": "string",
            "defaultValue": "covid-db"
        },
        "ls_sql_covid_db_properties_typeProperties_userName": {
            "type": "string",
            "defaultValue": "adm"
        },
        "tr_population_data_arrived_properties_typeProperties_scope": {
            "type": "string",
            "defaultValue": "/subscriptions/e6c4eb07-eed3-4ae4-9a8a-df7cda452bf8/resourceGroups/Covid19DataFactoryProject/providers/Microsoft.Storage/storageAccounts/covidreportingsashk"
        },
        "containerUri": {
            "type": "string",
            "metadata": "URI to storage account containing linked ARM templates"
        },
        "containerSasToken": {
            "type": "string",
            "metadata": "Sas token to storage account containing linked ARM templates"
        }
    },
    "variables": {
        "factoryId": "[concat('Microsoft.DataFactory/factories/', parameters('factoryName'))]"
    },
    "resources": [
        {
            "name": "covid19-reporting-adf-shk_ArmTemplate_0",
            "type": "Microsoft.Resources/deployments",
            "apiVersion": "2018-02-01",
            "properties": {
                "mode": "incremental",
                "templateLink": {
                    "uri": "[concat(parameters('containerUri'), '/ArmTemplate_0.json', parameters('containerSasToken'))]",
                    "contentVersion": "1.0.0.0"
                },
                "parameters": {
                    "factoryName": {
                        "value": "[parameters('factoryName')]"
                    },
                    "ls_ablob_covidreportingsa_connectionString": {
                        "value": "[parameters('ls_ablob_covidreportingsa_connectionString')]"
                    },
                    "ls_adls_covidreportingdl_accountKey": {
                        "value": "[parameters('ls_adls_covidreportingdl_accountKey')]"
                    },
                    "ls_db_covid_cluster_accessToken": {
                        "value": "[parameters('ls_db_covid_cluster_accessToken')]"
                    },
                    "ls_sql_covid_db_password": {
                        "value": "[parameters('ls_sql_covid_db_password')]"
                    },
                    "ls_adls_covidreportingdl_properties_typeProperties_url": {
                        "value": "[parameters('ls_adls_covidreportingdl_properties_typeProperties_url')]"
                    },
                    "ls_http_opendata_ecdc_europa_eu_properties_typeProperties_url": {
                        "value": "[parameters('ls_http_opendata_ecdc_europa_eu_properties_typeProperties_url')]"
                    },
                    "ls_db_covid_cluster_properties_typeProperties_existingClusterId": {
                        "value": "[parameters('ls_db_covid_cluster_properties_typeProperties_existingClusterId')]"
                    },
                    "ls_sql_covid_db_properties_typeProperties_server": {
                        "value": "[parameters('ls_sql_covid_db_properties_typeProperties_server')]"
                    },
                    "ls_sql_covid_db_properties_typeProperties_database": {
                        "value": "[parameters('ls_sql_covid_db_properties_typeProperties_database')]"
                    },
                    "ls_sql_covid_db_properties_typeProperties_userName": {
                        "value": "[parameters('ls_sql_covid_db_properties_typeProperties_userName')]"
                    }
                }
            },
            "dependsOn": []
        },
        {
            "name": "covid19-reporting-adf-shk_ArmTemplate_1",
            "type": "Microsoft.Resources/deployments",
            "apiVersion": "2018-02-01",
            "properties": {
                "mode": "incremental",
                "templateLink": {
                    "uri": "[concat(parameters('containerUri'), '/ArmTemplate_1.json', parameters('containerSasToken'))]",
                    "contentVersion": "1.0.0.0"
                },
                "parameters": {
                    "factoryName": {
                        "value": "[parameters('factoryName')]"
                    },
                    "tr_population_data_arrived_properties_typeProperties_scope": {
                        "value": "[parameters('tr_population_data_arrived_properties_typeProperties_scope')]"
                    }
                }
            },
            "dependsOn": [
                "[resourceId('Microsoft.Resources/deployments', 'covid19-reporting-adf-shk_ArmTemplate_0')]"
            ]
        }
    ]
}