{
    "$schema": "http://schema.management.azure.com/schemas/2015-01-01/deploymentTemplate.json#",
    "contentVersion": "1.0.0.0",
    "parameters": {
        "factoryName": {
            "type": "string",
            "metadata": "Data Factory name",
            "defaultValue": "covid19-reporting-adf-shk"
        },
        "tr_population_data_arrived_properties_typeProperties_scope": {
            "type": "string",
            "defaultValue": "/subscriptions/e6c4eb07-eed3-4ae4-9a8a-df7cda452bf8/resourceGroups/Covid19DataFactoryProject/providers/Microsoft.Storage/storageAccounts/covidreportingsashk"
        }
    },
    "variables": {
        "factoryId": "[concat('Microsoft.DataFactory/factories/', parameters('factoryName'))]"
    },
    "resources": [
        {
            "name": "[concat(parameters('factoryName'), '/ds_processed_testing')]",
            "type": "Microsoft.DataFactory/factories/datasets",
            "apiVersion": "2018-06-01",
            "properties": {
                "linkedServiceName": {
                    "referenceName": "ls_adls_covidreportingdl",
                    "type": "LinkedServiceReference"
                },
                "annotations": [],
                "type": "DelimitedText",
                "typeProperties": {
                    "location": {
                        "type": "AzureBlobFSLocation",
                        "folderPath": "ecdc/testing",
                        "fileSystem": "processed"
                    },
                    "columnDelimiter": ",",
                    "escapeChar": "\\",
                    "firstRowAsHeader": false,
                    "quoteChar": "\""
                },
                "schema": [
                    {
                        "type": "String"
                    },
                    {
                        "type": "String"
                    },
                    {
                        "type": "String"
                    },
                    {
                        "type": "String"
                    },
                    {
                        "type": "String"
                    },
                    {
                        "type": "String"
                    },
                    {
                        "type": "String"
                    },
                    {
                        "type": "String"
                    },
                    {
                        "type": "String"
                    },
                    {
                        "type": "String"
                    },
                    {
                        "type": "String"
                    },
                    {
                        "type": "String"
                    }
                ]
            },
            "dependsOn": []
        },
        {
            "name": "[concat(parameters('factoryName'), '/pl_process_population-data')]",
            "type": "Microsoft.DataFactory/factories/pipelines",
            "apiVersion": "2018-06-01",
            "properties": {
                "activities": [
                    {
                        "name": "Execute Population Data",
                        "type": "DatabricksNotebook",
                        "dependsOn": [],
                        "policy": {
                            "timeout": "0.12:00:00",
                            "retry": 0,
                            "retryIntervalInSeconds": 30,
                            "secureOutput": false,
                            "secureInput": false
                        },
                        "userProperties": [],
                        "typeProperties": {
                            "notebookPath": "/Users/snehalnarkar30@gmail.com/covid/trans/transform_population_data"
                        },
                        "linkedServiceName": {
                            "referenceName": "ls_db_covid_cluster",
                            "type": "LinkedServiceReference"
                        }
                    }
                ],
                "policy": {
                    "elapsedTimeMetric": {}
                },
                "annotations": [],
                "lastPublishTime": "2024-05-25T13:51:17Z"
            },
            "dependsOn": []
        },
        {
            "name": "[concat(parameters('factoryName'), '/df_transform_cases_deaths')]",
            "type": "Microsoft.DataFactory/factories/dataflows",
            "apiVersion": "2018-06-01",
            "properties": {
                "type": "MappingDataFlow",
                "typeProperties": {
                    "sources": [
                        {
                            "dataset": {
                                "referenceName": "ds_raw_cases_deaths_data",
                                "type": "DatasetReference"
                            },
                            "name": "CasesAndDeathDataSource"
                        },
                        {
                            "dataset": {
                                "referenceName": "ds_country_lookup",
                                "type": "DatasetReference"
                            },
                            "name": "CountryLookup"
                        }
                    ],
                    "sinks": [
                        {
                            "dataset": {
                                "referenceName": "ds_processed_cases_and_deaths",
                                "type": "DatasetReference"
                            },
                            "name": "SinkCasesDeaths"
                        }
                    ],
                    "transformations": [
                        {
                            "name": "SelectOnlyEurope"
                        },
                        {
                            "name": "SelectOnlyRequiredFields"
                        },
                        {
                            "name": "PivotCounts"
                        },
                        {
                            "name": "LookupCountry"
                        },
                        {
                            "name": "SeletForSink"
                        }
                    ],
                    "scriptLines": [
                        "source(output(",
                        "          country as string,",
                        "          country_code as string,",
                        "          continent as string,",
                        "          population as integer,",
                        "          indicator as string,",
                        "          daily_count as integer,",
                        "          date as date,",
                        "          rate_14_day as double,",
                        "          source as string",
                        "     ),",
                        "     allowSchemaDrift: true,",
                        "     validateSchema: false,",
                        "     ignoreNoFilesFound: false) ~> CasesAndDeathDataSource",
                        "source(output(",
                        "          country as string,",
                        "          country_code_2_digit as string,",
                        "          country_code_3_digit as string,",
                        "          continent as string,",
                        "          population as integer",
                        "     ),",
                        "     allowSchemaDrift: true,",
                        "     validateSchema: false,",
                        "     ignoreNoFilesFound: false) ~> CountryLookup",
                        "CasesAndDeathDataSource filter(continent == 'Europe' && not (isNull(country_code))) ~> SelectOnlyEurope",
                        "SelectOnlyEurope select(mapColumn(",
                        "          country,",
                        "          country_code,",
                        "          population,",
                        "          indicator,",
                        "          daily_count,",
                        "          date,",
                        "          source,",
                        "          each(match(name=='date'),",
                        "               'reported'+'_date' = $$)",
                        "     ),",
                        "     skipDuplicateMapInputs: false,",
                        "     skipDuplicateMapOutputs: false) ~> SelectOnlyRequiredFields",
                        "SelectOnlyRequiredFields pivot(groupBy(country,",
                        "          country_code,",
                        "          population,",
                        "          source,",
                        "          reported_date),",
                        "     pivotBy(indicator, ['confirmed cases', 'deaths']),",
                        "     count = sum(daily_count),",
                        "     columnNaming: '$V_$N',",
                        "     lateral: true) ~> PivotCounts",
                        "PivotCounts, CountryLookup lookup(PivotCounts@country == CountryLookup@country,",
                        "     multiple: false,",
                        "     pickup: 'any',",
                        "     broadcast: 'auto')~> LookupCountry",
                        "LookupCountry select(mapColumn(",
                        "          country = PivotCounts@country,",
                        "          country_code_2_digit,",
                        "          country_code_3_digit,",
                        "          population = PivotCounts@population,",
                        "          deaths_count,",
                        "          reported_date,",
                        "          source",
                        "     ),",
                        "     skipDuplicateMapInputs: true,",
                        "     skipDuplicateMapOutputs: true) ~> SeletForSink",
                        "SeletForSink sink(allowSchemaDrift: true,",
                        "     validateSchema: false,",
                        "     truncate: true,",
                        "     umask: 0022,",
                        "     preCommands: [],",
                        "     postCommands: [],",
                        "     skipDuplicateMapInputs: true,",
                        "     skipDuplicateMapOutputs: true) ~> SinkCasesDeaths"
                    ]
                }
            },
            "dependsOn": []
        },
        {
            "name": "[concat(parameters('factoryName'), '/df_transform_Hospital_data')]",
            "type": "Microsoft.DataFactory/factories/dataflows",
            "apiVersion": "2018-06-01",
            "properties": {
                "type": "MappingDataFlow",
                "typeProperties": {
                    "sources": [
                        {
                            "dataset": {
                                "referenceName": "ds_raw_hospital_data",
                                "type": "DatasetReference"
                            },
                            "name": "HospitalAdmissionSource"
                        },
                        {
                            "dataset": {
                                "referenceName": "ds_country_lookup",
                                "type": "DatasetReference"
                            },
                            "name": "CountrySource"
                        },
                        {
                            "dataset": {
                                "referenceName": "ds_dim_date_lookup",
                                "type": "DatasetReference"
                            },
                            "name": "DimdateSource"
                        }
                    ],
                    "sinks": [
                        {
                            "dataset": {
                                "referenceName": "ds_processed_hospital_admission_weekly",
                                "type": "DatasetReference"
                            },
                            "name": "WeeklySink"
                        },
                        {
                            "dataset": {
                                "referenceName": "ds_processed_hospital_admission_daily",
                                "type": "DatasetReference"
                            },
                            "name": "DailySink"
                        }
                    ],
                    "transformations": [
                        {
                            "name": "SelectRequiredFields"
                        },
                        {
                            "name": "CountryLookup"
                        },
                        {
                            "name": "SelectReqFields2"
                        },
                        {
                            "name": "SplitDailyFromWeekly"
                        },
                        {
                            "name": "AggDimDate"
                        },
                        {
                            "name": "JoinWithDate"
                        },
                        {
                            "name": "PivotWeekly"
                        },
                        {
                            "name": "PivotDaily"
                        },
                        {
                            "name": "SortWeekly"
                        },
                        {
                            "name": "SortDaily"
                        },
                        {
                            "name": "SelectWeekly"
                        },
                        {
                            "name": "SelectDaily"
                        }
                    ],
                    "scriptLines": [
                        "source(output(",
                        "          country as string,",
                        "          indicator as string,",
                        "          date as date,",
                        "          year_week as string,",
                        "          value as double,",
                        "          source as string,",
                        "          url as string",
                        "     ),",
                        "     allowSchemaDrift: true,",
                        "     validateSchema: false,",
                        "     ignoreNoFilesFound: false) ~> HospitalAdmissionSource",
                        "source(output(",
                        "          country as string,",
                        "          country_code_2_digit as string,",
                        "          country_code_3_digit as string,",
                        "          continent as string,",
                        "          population as integer",
                        "     ),",
                        "     allowSchemaDrift: true,",
                        "     validateSchema: false,",
                        "     ignoreNoFilesFound: false) ~> CountrySource",
                        "source(output(",
                        "          date_key as string,",
                        "          date as string,",
                        "          year as string,",
                        "          month as string,",
                        "          day as string,",
                        "          day_name as string,",
                        "          day_of_year as string,",
                        "          week_of_month as string,",
                        "          week_of_year as string,",
                        "          month_name as string,",
                        "          year_month as string,",
                        "          year_week as string",
                        "     ),",
                        "     allowSchemaDrift: true,",
                        "     validateSchema: false,",
                        "     ignoreNoFilesFound: false) ~> DimdateSource",
                        "HospitalAdmissionSource select(mapColumn(",
                        "          country,",
                        "          indicator,",
                        "          reported_date = date,",
                        "          reported_year_week = year_week,",
                        "          value,",
                        "          source",
                        "     ),",
                        "     skipDuplicateMapInputs: true,",
                        "     skipDuplicateMapOutputs: true) ~> SelectRequiredFields",
                        "SelectRequiredFields, CountrySource lookup(SelectRequiredFields@country == CountrySource@country,",
                        "     multiple: false,",
                        "     pickup: 'any',",
                        "     broadcast: 'auto')~> CountryLookup",
                        "CountryLookup select(mapColumn(",
                        "          country = SelectRequiredFields@country,",
                        "          indicator,",
                        "          reported_date,",
                        "          reported_year_week,",
                        "          value,",
                        "          source,",
                        "          country_code_2_digit,",
                        "          country_code_3_digit,",
                        "          population",
                        "     ),",
                        "     skipDuplicateMapInputs: true,",
                        "     skipDuplicateMapOutputs: true) ~> SelectReqFields2",
                        "SelectReqFields2 split(indicator == 'Weekly new hospital admissions per 100k' || indicator == 'Weekly new ICU admissions per 100k',",
                        "     disjoint: false) ~> SplitDailyFromWeekly@(Weekly, Daily)",
                        "DimdateSource aggregate(groupBy(ecdc_year_week = year+'-W'+lpad(week_of_year,2,'0')),",
                        "     week_start_date = min(date),",
                        "          week_end_date = max(date)) ~> AggDimDate",
                        "SplitDailyFromWeekly@Weekly, AggDimDate join(reported_year_week == ecdc_year_week,",
                        "     joinType:'inner',",
                        "     matchType:'exact',",
                        "     ignoreSpaces: false,",
                        "     broadcast: 'auto')~> JoinWithDate",
                        "JoinWithDate pivot(groupBy(country,",
                        "          country_code_2_digit,",
                        "          country_code_3_digit,",
                        "          population,",
                        "          source,",
                        "          reported_year_week,",
                        "          week_start_date,",
                        "          week_end_date),",
                        "     pivotBy(indicator, ['Weekly new hospital admissions per 100k', 'Weekly new ICU admissions per 100k']),",
                        "     count = sum(value),",
                        "     columnNaming: '$V_$N',",
                        "     lateral: true) ~> PivotWeekly",
                        "SplitDailyFromWeekly@Daily pivot(groupBy(country,",
                        "          reported_date,",
                        "          country_code_2_digit,",
                        "          country_code_3_digit,",
                        "          source,",
                        "          population),",
                        "     pivotBy(indicator, ['Daily hospital occupancy', 'Daily ICU occupancy']),",
                        "     count = sum(value),",
                        "     columnNaming: '$V_$N',",
                        "     lateral: true) ~> PivotDaily",
                        "PivotWeekly sort(desc(reported_year_week, true),",
                        "     asc(country, true),",
                        "     partitionBy('hash', 1)) ~> SortWeekly",
                        "PivotDaily sort(desc(reported_date, true),",
                        "     asc(country, true),",
                        "     partitionBy('hash', 1)) ~> SortDaily",
                        "SortWeekly select(mapColumn(",
                        "          country,",
                        "          country_code_2_digit,",
                        "          country_code_3_digit,",
                        "          population,",
                        "          reported_year_week,",
                        "          reported_week_start_date = week_start_date,",
                        "          reported_week_end_date = week_end_date,",
                        "          new_hospital_occupancy_count = {Weekly new hospital admissions per 100k_count},",
                        "          new_icu_occupancy_count = {Weekly new ICU admissions per 100k_count},",
                        "          source",
                        "     ),",
                        "     partitionBy('hash', 1),",
                        "     skipDuplicateMapInputs: true,",
                        "     skipDuplicateMapOutputs: true) ~> SelectWeekly",
                        "SortDaily select(mapColumn(",
                        "          country,",
                        "          reported_date,",
                        "          country_code_2_digit,",
                        "          country_code_3_digit,",
                        "          population,",
                        "          hospital_occupancy_count = {Daily hospital occupancy_count},",
                        "          icu_occupancy_count = {Daily ICU occupancy_count},",
                        "          source",
                        "     ),",
                        "     skipDuplicateMapInputs: true,",
                        "     skipDuplicateMapOutputs: true) ~> SelectDaily",
                        "SelectWeekly sink(allowSchemaDrift: true,",
                        "     validateSchema: false,",
                        "     partitionFileNames:['hospital_admissions_weekly.csv'],",
                        "     truncate: true,",
                        "     umask: 0022,",
                        "     preCommands: [],",
                        "     postCommands: [],",
                        "     skipDuplicateMapInputs: true,",
                        "     skipDuplicateMapOutputs: true,",
                        "     partitionBy('hash', 1)) ~> WeeklySink",
                        "SelectDaily sink(allowSchemaDrift: true,",
                        "     validateSchema: false,",
                        "     input(",
                        "          country as string,",
                        "          reported_date as string,",
                        "          country_code_2_digit as string,",
                        "          country_code_3_digit as string,",
                        "          population as string,",
                        "          hospital_occupancy_count as string,",
                        "          icu_occupancy_count as string,",
                        "          source as string",
                        "     ),",
                        "     partitionFileNames:['hospital_admissions_daily.csv'],",
                        "     truncate: true,",
                        "     umask: 0022,",
                        "     preCommands: [],",
                        "     postCommands: [],",
                        "     skipDuplicateMapInputs: true,",
                        "     skipDuplicateMapOutputs: true,",
                        "     partitionBy('hash', 1)) ~> DailySink"
                    ]
                }
            },
            "dependsOn": []
        },
        {
            "name": "[concat(parameters('factoryName'), '/pl_ingest_population_data')]",
            "type": "Microsoft.DataFactory/factories/pipelines",
            "apiVersion": "2018-06-01",
            "properties": {
                "activities": [
                    {
                        "name": "Check if File Exists",
                        "type": "Validation",
                        "dependsOn": [],
                        "userProperties": [],
                        "typeProperties": {
                            "dataset": {
                                "referenceName": "ds_population_raw_gz",
                                "type": "DatasetReference",
                                "parameters": {}
                            },
                            "timeout": "0.00:00:10",
                            "sleep": 10,
                            "minimumSize": 1024
                        }
                    },
                    {
                        "name": "Get File Metadata",
                        "type": "GetMetadata",
                        "dependsOn": [
                            {
                                "activity": "Check if File Exists",
                                "dependencyConditions": [
                                    "Succeeded"
                                ]
                            }
                        ],
                        "policy": {
                            "timeout": "0.12:00:00",
                            "retry": 0,
                            "retryIntervalInSeconds": 30,
                            "secureOutput": false,
                            "secureInput": false
                        },
                        "userProperties": [],
                        "typeProperties": {
                            "dataset": {
                                "referenceName": "ds_population_raw_gz",
                                "type": "DatasetReference",
                                "parameters": {}
                            },
                            "fieldList": [
                                "columnCount",
                                "size",
                                "exists"
                            ],
                            "storeSettings": {
                                "type": "AzureBlobStorageReadSettings",
                                "recursive": true,
                                "enablePartitionDiscovery": false
                            },
                            "formatSettings": {
                                "type": "DelimitedTextReadSettings"
                            }
                        }
                    },
                    {
                        "name": "If Column count matches",
                        "type": "IfCondition",
                        "dependsOn": [
                            {
                                "activity": "Get File Metadata",
                                "dependencyConditions": [
                                    "Succeeded"
                                ]
                            }
                        ],
                        "userProperties": [],
                        "typeProperties": {
                            "expression": {
                                "value": "@equals(activity('Get File Metadata').output.columnCount,13)",
                                "type": "Expression"
                            },
                            "ifFalseActivities": [
                                {
                                    "name": "https",
                                    "type": "WebActivity",
                                    "dependsOn": [],
                                    "policy": {
                                        "timeout": "0.12:00:00",
                                        "retry": 0,
                                        "retryIntervalInSeconds": 30,
                                        "secureOutput": false,
                                        "secureInput": false
                                    },
                                    "userProperties": [],
                                    "typeProperties": {
                                        "method": "POST",
                                        "headers": {},
                                        "url": "https://file_incompatible",
                                        "body": "dummy"
                                    }
                                }
                            ],
                            "ifTrueActivities": [
                                {
                                    "name": "Copy Population Data",
                                    "type": "Copy",
                                    "dependsOn": [],
                                    "policy": {
                                        "timeout": "0.07:05:00",
                                        "retry": 0,
                                        "retryIntervalInSeconds": 30,
                                        "secureOutput": false,
                                        "secureInput": false
                                    },
                                    "userProperties": [],
                                    "typeProperties": {
                                        "source": {
                                            "type": "DelimitedTextSource",
                                            "storeSettings": {
                                                "type": "AzureBlobStorageReadSettings",
                                                "recursive": true,
                                                "enablePartitionDiscovery": false
                                            },
                                            "formatSettings": {
                                                "type": "DelimitedTextReadSettings"
                                            }
                                        },
                                        "sink": {
                                            "type": "DelimitedTextSink",
                                            "storeSettings": {
                                                "type": "AzureBlobFSWriteSettings"
                                            },
                                            "formatSettings": {
                                                "type": "DelimitedTextWriteSettings",
                                                "quoteAllText": true,
                                                "fileExtension": ".txt"
                                            }
                                        },
                                        "enableStaging": false,
                                        "translator": {
                                            "type": "TabularTranslator",
                                            "typeConversion": true,
                                            "typeConversionSettings": {
                                                "allowDataTruncation": true,
                                                "treatBooleanAsNumber": false
                                            }
                                        }
                                    },
                                    "inputs": [
                                        {
                                            "referenceName": "ds_population_raw_gz",
                                            "type": "DatasetReference",
                                            "parameters": {}
                                        }
                                    ],
                                    "outputs": [
                                        {
                                            "referenceName": "ds_population_raw_tsv",
                                            "type": "DatasetReference",
                                            "parameters": {}
                                        }
                                    ]
                                },
                                {
                                    "name": "Delete source file",
                                    "type": "Delete",
                                    "dependsOn": [
                                        {
                                            "activity": "Copy Population Data",
                                            "dependencyConditions": [
                                                "Succeeded"
                                            ]
                                        }
                                    ],
                                    "policy": {
                                        "timeout": "0.12:00:00",
                                        "retry": 0,
                                        "retryIntervalInSeconds": 30,
                                        "secureOutput": false,
                                        "secureInput": false
                                    },
                                    "userProperties": [],
                                    "typeProperties": {
                                        "dataset": {
                                            "referenceName": "ds_population_raw_gz",
                                            "type": "DatasetReference",
                                            "parameters": {}
                                        },
                                        "enableLogging": false,
                                        "storeSettings": {
                                            "type": "AzureBlobStorageReadSettings",
                                            "recursive": true,
                                            "enablePartitionDiscovery": false
                                        }
                                    }
                                }
                            ]
                        }
                    }
                ],
                "policy": {
                    "elapsedTimeMetric": {}
                },
                "annotations": [],
                "lastPublishTime": "2024-05-22T21:11:24Z"
            },
            "dependsOn": []
        },
        {
            "name": "[concat(parameters('factoryName'), '/pl_ingest_ecdc_data')]",
            "type": "Microsoft.DataFactory/factories/pipelines",
            "apiVersion": "2018-06-01",
            "properties": {
                "activities": [
                    {
                        "name": "Lookup ECDC File List",
                        "type": "Lookup",
                        "dependsOn": [],
                        "policy": {
                            "timeout": "0.12:00:00",
                            "retry": 0,
                            "retryIntervalInSeconds": 30,
                            "secureOutput": false,
                            "secureInput": false
                        },
                        "userProperties": [],
                        "typeProperties": {
                            "source": {
                                "type": "JsonSource",
                                "storeSettings": {
                                    "type": "AzureBlobStorageReadSettings",
                                    "recursive": true,
                                    "enablePartitionDiscovery": false
                                },
                                "formatSettings": {
                                    "type": "JsonReadSettings"
                                }
                            },
                            "dataset": {
                                "referenceName": "ds_ecdc_file_list",
                                "type": "DatasetReference",
                                "parameters": {}
                            },
                            "firstRowOnly": false
                        }
                    },
                    {
                        "name": "Execute Copy For Every Record",
                        "type": "ForEach",
                        "dependsOn": [
                            {
                                "activity": "Lookup ECDC File List",
                                "dependencyConditions": [
                                    "Succeeded"
                                ]
                            }
                        ],
                        "userProperties": [],
                        "typeProperties": {
                            "items": {
                                "value": "@activity('Lookup ECDC File List').output.value",
                                "type": "Expression"
                            },
                            "isSequential": false,
                            "activities": [
                                {
                                    "name": "Copy ecdc data",
                                    "type": "Copy",
                                    "dependsOn": [],
                                    "policy": {
                                        "timeout": "0.12:00:00",
                                        "retry": 0,
                                        "retryIntervalInSeconds": 30,
                                        "secureOutput": false,
                                        "secureInput": false
                                    },
                                    "userProperties": [],
                                    "typeProperties": {
                                        "source": {
                                            "type": "DelimitedTextSource",
                                            "storeSettings": {
                                                "type": "HttpReadSettings",
                                                "requestMethod": "GET"
                                            },
                                            "formatSettings": {
                                                "type": "DelimitedTextReadSettings"
                                            }
                                        },
                                        "sink": {
                                            "type": "DelimitedTextSink",
                                            "storeSettings": {
                                                "type": "AzureBlobFSWriteSettings"
                                            },
                                            "formatSettings": {
                                                "type": "DelimitedTextWriteSettings",
                                                "quoteAllText": true,
                                                "fileExtension": ".txt"
                                            }
                                        },
                                        "enableStaging": false,
                                        "translator": {
                                            "type": "TabularTranslator",
                                            "typeConversion": true,
                                            "typeConversionSettings": {
                                                "allowDataTruncation": true,
                                                "treatBooleanAsNumber": false
                                            }
                                        }
                                    },
                                    "inputs": [
                                        {
                                            "referenceName": "ds_ecdc_raw_csv_http",
                                            "type": "DatasetReference",
                                            "parameters": {
                                                "relativeURL": {
                                                    "value": "@item().sourceRelativeURL",
                                                    "type": "Expression"
                                                },
                                                "baseURL": {
                                                    "value": "@item().sourceBaseURL",
                                                    "type": "Expression"
                                                }
                                            }
                                        }
                                    ],
                                    "outputs": [
                                        {
                                            "referenceName": "ds_ecdc_raw_csv_dl",
                                            "type": "DatasetReference",
                                            "parameters": {
                                                "filename": {
                                                    "value": "@item().sinkFileName",
                                                    "type": "Expression"
                                                }
                                            }
                                        }
                                    ]
                                }
                            ]
                        }
                    }
                ],
                "policy": {
                    "elapsedTimeMetric": {}
                },
                "annotations": [],
                "lastPublishTime": "2024-05-23T11:36:17Z"
            },
            "dependsOn": []
        },
        {
            "name": "[concat(parameters('factoryName'), '/pl_sqlize_cases_and_deaths_data')]",
            "type": "Microsoft.DataFactory/factories/pipelines",
            "apiVersion": "2018-06-01",
            "properties": {
                "activities": [
                    {
                        "name": "Copy Cases and Deaths",
                        "type": "Copy",
                        "dependsOn": [],
                        "policy": {
                            "timeout": "0.12:00:00",
                            "retry": 0,
                            "retryIntervalInSeconds": 30,
                            "secureOutput": false,
                            "secureInput": false
                        },
                        "userProperties": [],
                        "typeProperties": {
                            "source": {
                                "type": "DelimitedTextSource",
                                "storeSettings": {
                                    "type": "AzureBlobFSReadSettings",
                                    "recursive": true,
                                    "wildcardFileName": "*",
                                    "enablePartitionDiscovery": false
                                },
                                "formatSettings": {
                                    "type": "DelimitedTextReadSettings"
                                }
                            },
                            "sink": {
                                "type": "AzureSqlSink",
                                "preCopyScript": {
                                    "value": "TRUNCATE TABLE covid_reporting.cases_and_deaths;",
                                    "type": "Expression"
                                },
                                "writeBehavior": "insert",
                                "sqlWriterUseTableLock": false,
                                "disableMetricsCollection": false
                            },
                            "enableStaging": false,
                            "translator": {
                                "type": "TabularTranslator",
                                "typeConversion": true,
                                "typeConversionSettings": {
                                    "allowDataTruncation": true,
                                    "treatBooleanAsNumber": false
                                }
                            }
                        },
                        "inputs": [
                            {
                                "referenceName": "ds_processed_cases_and_deaths",
                                "type": "DatasetReference",
                                "parameters": {}
                            }
                        ],
                        "outputs": [
                            {
                                "referenceName": "ds_sql_cases_and_deaths",
                                "type": "DatasetReference",
                                "parameters": {}
                            }
                        ]
                    }
                ],
                "policy": {
                    "elapsedTimeMetric": {}
                },
                "annotations": [],
                "lastPublishTime": "2024-05-25T14:39:35Z"
            },
            "dependsOn": []
        },
        {
            "name": "[concat(parameters('factoryName'), '/pl_sqlize_hospital_admissions_daily_data')]",
            "type": "Microsoft.DataFactory/factories/pipelines",
            "apiVersion": "2018-06-01",
            "properties": {
                "activities": [
                    {
                        "name": "Copy_hospital_admission_data",
                        "type": "Copy",
                        "dependsOn": [],
                        "policy": {
                            "timeout": "0.12:00:00",
                            "retry": 0,
                            "retryIntervalInSeconds": 30,
                            "secureOutput": false,
                            "secureInput": false
                        },
                        "userProperties": [],
                        "typeProperties": {
                            "source": {
                                "type": "DelimitedTextSource",
                                "storeSettings": {
                                    "type": "AzureBlobFSReadSettings",
                                    "recursive": true,
                                    "wildcardFolderPath": "ecdc/hospital_addmissions_daily",
                                    "wildcardFileName": "hospital_admissions_daily.csv",
                                    "enablePartitionDiscovery": false
                                },
                                "formatSettings": {
                                    "type": "DelimitedTextReadSettings"
                                }
                            },
                            "sink": {
                                "type": "AzureSqlSink",
                                "preCopyScript": {
                                    "value": "TRUNCATE TABLE covid_reporting.hospital_admissions_daily",
                                    "type": "Expression"
                                },
                                "writeBehavior": "insert",
                                "sqlWriterUseTableLock": false,
                                "disableMetricsCollection": false
                            },
                            "enableStaging": false,
                            "translator": {
                                "type": "TabularTranslator",
                                "mappings": [
                                    {
                                        "source": {
                                            "name": "country",
                                            "type": "String",
                                            "physicalType": "String"
                                        },
                                        "sink": {
                                            "name": "country",
                                            "type": "String",
                                            "physicalType": "varchar"
                                        }
                                    },
                                    {
                                        "source": {
                                            "name": "country_code_2_digit",
                                            "type": "String",
                                            "physicalType": "String"
                                        },
                                        "sink": {
                                            "name": "country_code_2_digit",
                                            "type": "String",
                                            "physicalType": "varchar"
                                        }
                                    },
                                    {
                                        "source": {
                                            "name": "country_code_3_digit",
                                            "type": "String",
                                            "physicalType": "String"
                                        },
                                        "sink": {
                                            "name": "country_code_3_digit",
                                            "type": "String",
                                            "physicalType": "varchar"
                                        }
                                    },
                                    {
                                        "source": {
                                            "name": "population",
                                            "type": "String",
                                            "physicalType": "String"
                                        },
                                        "sink": {
                                            "name": "population",
                                            "type": "String",
                                            "physicalType": "varchar"
                                        }
                                    },
                                    {
                                        "source": {
                                            "name": "reported_date",
                                            "type": "String",
                                            "physicalType": "String"
                                        },
                                        "sink": {
                                            "name": "reported_date",
                                            "type": "String",
                                            "physicalType": "varchar"
                                        }
                                    },
                                    {
                                        "source": {
                                            "name": "hospital_occupancy_count",
                                            "type": "String",
                                            "physicalType": "String"
                                        },
                                        "sink": {
                                            "name": "hospital_occupancy_count",
                                            "type": "Int64",
                                            "physicalType": "bigint"
                                        }
                                    },
                                    {
                                        "source": {
                                            "name": "icu_occupancy_count",
                                            "type": "String",
                                            "physicalType": "String"
                                        },
                                        "sink": {
                                            "name": "icu_occupancy_count",
                                            "type": "Int64",
                                            "physicalType": "bigint"
                                        }
                                    },
                                    {
                                        "source": {
                                            "name": "source",
                                            "type": "String",
                                            "physicalType": "String"
                                        },
                                        "sink": {
                                            "name": "source",
                                            "type": "String",
                                            "physicalType": "varchar"
                                        }
                                    }
                                ],
                                "typeConversion": true,
                                "typeConversionSettings": {
                                    "allowDataTruncation": true,
                                    "treatBooleanAsNumber": false
                                }
                            }
                        },
                        "inputs": [
                            {
                                "referenceName": "ds_processed_hospital_admission_daily",
                                "type": "DatasetReference",
                                "parameters": {}
                            }
                        ],
                        "outputs": [
                            {
                                "referenceName": "ds_sql_hospital_admission_Daily",
                                "type": "DatasetReference",
                                "parameters": {}
                            }
                        ]
                    }
                ],
                "policy": {
                    "elapsedTimeMetric": {}
                },
                "annotations": [],
                "lastPublishTime": "2024-05-25T16:23:48Z"
            },
            "dependsOn": []
        },
        {
            "name": "[concat(parameters('factoryName'), '/pl_sqlize_testing')]",
            "type": "Microsoft.DataFactory/factories/pipelines",
            "apiVersion": "2018-06-01",
            "properties": {
                "activities": [
                    {
                        "name": "Copy Testind data",
                        "type": "Copy",
                        "dependsOn": [],
                        "policy": {
                            "timeout": "0.12:00:00",
                            "retry": 0,
                            "retryIntervalInSeconds": 30,
                            "secureOutput": false,
                            "secureInput": false
                        },
                        "userProperties": [],
                        "typeProperties": {
                            "source": {
                                "type": "DelimitedTextSource",
                                "storeSettings": {
                                    "type": "AzureBlobFSReadSettings",
                                    "recursive": true,
                                    "wildcardFileName": "*",
                                    "enablePartitionDiscovery": false
                                },
                                "formatSettings": {
                                    "type": "DelimitedTextReadSettings"
                                }
                            },
                            "sink": {
                                "type": "AzureSqlSink",
                                "preCopyScript": {
                                    "value": "TRUNCATE TABLE [covid_reporting].[testing];",
                                    "type": "Expression"
                                },
                                "writeBehavior": "insert",
                                "sqlWriterUseTableLock": false,
                                "disableMetricsCollection": false
                            },
                            "enableStaging": false,
                            "translator": {
                                "type": "TabularTranslator",
                                "mappings": [
                                    {
                                        "source": {
                                            "type": "String",
                                            "ordinal": 1
                                        },
                                        "sink": {
                                            "name": "country",
                                            "type": "String",
                                            "physicalType": "varchar"
                                        }
                                    },
                                    {
                                        "source": {
                                            "type": "String",
                                            "ordinal": 2
                                        },
                                        "sink": {
                                            "name": "country_code_2_digit",
                                            "type": "String",
                                            "physicalType": "varchar"
                                        }
                                    },
                                    {
                                        "source": {
                                            "type": "String",
                                            "ordinal": 3
                                        },
                                        "sink": {
                                            "name": "country_code_3_digit",
                                            "type": "String",
                                            "physicalType": "varchar"
                                        }
                                    },
                                    {
                                        "source": {
                                            "type": "String",
                                            "ordinal": 4
                                        },
                                        "sink": {
                                            "name": "year_week",
                                            "type": "String",
                                            "physicalType": "varchar"
                                        }
                                    },
                                    {
                                        "source": {
                                            "type": "String",
                                            "ordinal": 5
                                        },
                                        "sink": {
                                            "name": "week_start_date",
                                            "type": "DateTime",
                                            "physicalType": "date"
                                        }
                                    },
                                    {
                                        "source": {
                                            "type": "String",
                                            "ordinal": 6
                                        },
                                        "sink": {
                                            "name": "week_end_date",
                                            "type": "DateTime",
                                            "physicalType": "date"
                                        }
                                    },
                                    {
                                        "source": {
                                            "type": "String",
                                            "ordinal": 7
                                        },
                                        "sink": {
                                            "name": "new_cases",
                                            "type": "Int64",
                                            "physicalType": "bigint"
                                        }
                                    },
                                    {
                                        "source": {
                                            "type": "String",
                                            "ordinal": 8
                                        },
                                        "sink": {
                                            "name": "tests_done",
                                            "type": "Int64",
                                            "physicalType": "bigint"
                                        }
                                    },
                                    {
                                        "source": {
                                            "type": "String",
                                            "ordinal": 9
                                        },
                                        "sink": {
                                            "name": "population",
                                            "type": "Int64",
                                            "physicalType": "bigint"
                                        }
                                    },
                                    {
                                        "source": {
                                            "type": "String",
                                            "physicalType": "String",
                                            "ordinal": 12
                                        },
                                        "sink": {
                                            "name": "testing_data_source",
                                            "type": "String",
                                            "physicalType": "varchar"
                                        }
                                    }
                                ],
                                "typeConversion": true,
                                "typeConversionSettings": {
                                    "allowDataTruncation": true,
                                    "treatBooleanAsNumber": false
                                }
                            }
                        },
                        "inputs": [
                            {
                                "referenceName": "ds_processed_testing",
                                "type": "DatasetReference",
                                "parameters": {}
                            }
                        ],
                        "outputs": [
                            {
                                "referenceName": "ds_sql_testing",
                                "type": "DatasetReference",
                                "parameters": {}
                            }
                        ]
                    }
                ],
                "policy": {
                    "elapsedTimeMetric": {}
                },
                "annotations": [],
                "lastPublishTime": "2024-05-25T16:23:49Z"
            },
            "dependsOn": [
                "[concat(variables('factoryId'), '/datasets/ds_processed_testing')]"
            ]
        },
        {
            "name": "[concat(parameters('factoryName'), '/pl_proces_cases_deaths_data')]",
            "type": "Microsoft.DataFactory/factories/pipelines",
            "apiVersion": "2018-06-01",
            "properties": {
                "activities": [
                    {
                        "name": "pl_trarsofrm_cases_deaths",
                        "type": "ExecuteDataFlow",
                        "dependsOn": [],
                        "policy": {
                            "timeout": "0.12:00:00",
                            "retry": 0,
                            "retryIntervalInSeconds": 30,
                            "secureOutput": false,
                            "secureInput": false
                        },
                        "userProperties": [],
                        "typeProperties": {
                            "dataflow": {
                                "referenceName": "df_transform_cases_deaths",
                                "type": "DataFlowReference",
                                "parameters": {},
                                "datasetParameters": {
                                    "CasesAndDeathDataSource": {},
                                    "CountryLookup": {},
                                    "SinkCasesDeaths": {}
                                }
                            },
                            "staging": {},
                            "compute": {
                                "coreCount": 8,
                                "computeType": "General"
                            },
                            "traceLevel": "Fine"
                        }
                    }
                ],
                "policy": {
                    "elapsedTimeMetric": {}
                },
                "annotations": [],
                "lastPublishTime": "2024-05-24T09:50:09Z"
            },
            "dependsOn": [
                "[concat(variables('factoryId'), '/dataflows/df_transform_cases_deaths')]"
            ]
        },
        {
            "name": "[concat(parameters('factoryName'), '/pl_process_hospital_admissions_data')]",
            "type": "Microsoft.DataFactory/factories/pipelines",
            "apiVersion": "2018-06-01",
            "properties": {
                "activities": [
                    {
                        "name": "df_transform_hospital_admissions",
                        "type": "ExecuteDataFlow",
                        "dependsOn": [],
                        "policy": {
                            "timeout": "0.12:00:00",
                            "retry": 0,
                            "retryIntervalInSeconds": 30,
                            "secureOutput": false,
                            "secureInput": false
                        },
                        "userProperties": [],
                        "typeProperties": {
                            "dataflow": {
                                "referenceName": "df_transform_Hospital_data",
                                "type": "DataFlowReference",
                                "parameters": {},
                                "datasetParameters": {
                                    "HospitalAdmissionSource": {},
                                    "CountrySource": {},
                                    "DimdateSource": {},
                                    "WeeklySink": {},
                                    "DailySink": {}
                                }
                            },
                            "staging": {},
                            "compute": {
                                "coreCount": 8,
                                "computeType": "General"
                            },
                            "traceLevel": "Fine"
                        }
                    }
                ],
                "policy": {
                    "elapsedTimeMetric": {}
                },
                "annotations": [],
                "lastPublishTime": "2024-05-25T05:27:10Z"
            },
            "dependsOn": [
                "[concat(variables('factoryId'), '/dataflows/df_transform_Hospital_data')]"
            ]
        },
        {
            "name": "[concat(parameters('factoryName'), '/pl_execute_process_population')]",
            "type": "Microsoft.DataFactory/factories/pipelines",
            "apiVersion": "2018-06-01",
            "properties": {
                "activities": [
                    {
                        "name": "Execute population Ingestion pipeline",
                        "type": "ExecutePipeline",
                        "dependsOn": [],
                        "policy": {
                            "secureInput": false
                        },
                        "userProperties": [],
                        "typeProperties": {
                            "pipeline": {
                                "referenceName": "pl_ingest_population_data",
                                "type": "PipelineReference"
                            },
                            "waitOnCompletion": true,
                            "parameters": {}
                        }
                    },
                    {
                        "name": "Execute transform population data",
                        "type": "ExecutePipeline",
                        "dependsOn": [
                            {
                                "activity": "Execute population Ingestion pipeline",
                                "dependencyConditions": [
                                    "Succeeded"
                                ]
                            }
                        ],
                        "policy": {
                            "secureInput": false
                        },
                        "userProperties": [],
                        "typeProperties": {
                            "pipeline": {
                                "referenceName": "pl_process_population-data",
                                "type": "PipelineReference"
                            },
                            "waitOnCompletion": true,
                            "parameters": {}
                        }
                    }
                ],
                "policy": {
                    "elapsedTimeMetric": {}
                },
                "annotations": []
            },
            "dependsOn": [
                "[concat(variables('factoryId'), '/pipelines/pl_ingest_population_data')]",
                "[concat(variables('factoryId'), '/pipelines/pl_process_population-data')]"
            ]
        },
        {
            "name": "[concat(parameters('factoryName'), '/tr_ingest_ecdc_data')]",
            "type": "Microsoft.DataFactory/factories/triggers",
            "apiVersion": "2018-06-01",
            "properties": {
                "annotations": [],
                "runtimeState": "Stopped",
                "pipeline": {
                    "pipelineReference": {
                        "referenceName": "pl_ingest_ecdc_data",
                        "type": "PipelineReference"
                    },
                    "parameters": {}
                },
                "type": "TumblingWindowTrigger",
                "typeProperties": {
                    "frequency": "Hour",
                    "interval": 24,
                    "startTime": "2024-05-25T00:00:00Z",
                    "delay": "00:00:00",
                    "maxConcurrency": 50,
                    "retryPolicy": {
                        "intervalInSeconds": 30
                    },
                    "dependsOn": []
                }
            },
            "dependsOn": [
                "[concat(variables('factoryId'), '/pipelines/pl_ingest_ecdc_data')]"
            ]
        },
        {
            "name": "[concat(parameters('factoryName'), '/tr_population_data_arrived')]",
            "type": "Microsoft.DataFactory/factories/triggers",
            "apiVersion": "2018-06-01",
            "properties": {
                "annotations": [],
                "runtimeState": "Stopped",
                "pipelines": [
                    {
                        "pipelineReference": {
                            "referenceName": "pl_execute_process_population",
                            "type": "PipelineReference"
                        },
                        "parameters": {}
                    }
                ],
                "type": "BlobEventsTrigger",
                "typeProperties": {
                    "blobPathBeginsWith": "/population/blobs/population_by_age.tsv.gz",
                    "ignoreEmptyBlobs": true,
                    "scope": "[parameters('tr_population_data_arrived_properties_typeProperties_scope')]",
                    "events": [
                        "Microsoft.Storage.BlobCreated"
                    ]
                }
            },
            "dependsOn": [
                "[concat(variables('factoryId'), '/pipelines/pl_execute_process_population')]"
            ]
        },
        {
            "name": "[concat(parameters('factoryName'), '/tr_process_cases_and_deaths')]",
            "type": "Microsoft.DataFactory/factories/triggers",
            "apiVersion": "2018-06-01",
            "properties": {
                "annotations": [],
                "runtimeState": "Stopped",
                "pipeline": {
                    "pipelineReference": {
                        "referenceName": "pl_proces_cases_deaths_data",
                        "type": "PipelineReference"
                    },
                    "parameters": {}
                },
                "type": "TumblingWindowTrigger",
                "typeProperties": {
                    "frequency": "Hour",
                    "interval": 24,
                    "startTime": "2024-05-25T00:00:00Z",
                    "delay": "00:00:00",
                    "maxConcurrency": 50,
                    "retryPolicy": {
                        "intervalInSeconds": 30
                    },
                    "dependsOn": [
                        {
                            "type": "TumblingWindowTriggerDependencyReference",
                            "referenceTrigger": {
                                "referenceName": "tr_ingest_ecdc_data",
                                "type": "TriggerReference"
                            }
                        }
                    ]
                }
            },
            "dependsOn": [
                "[concat(variables('factoryId'), '/pipelines/pl_proces_cases_deaths_data')]",
                "[concat(variables('factoryId'), '/triggers/tr_ingest_ecdc_data')]"
            ]
        },
        {
            "name": "[concat(parameters('factoryName'), '/tr_process_hospital_admission_data')]",
            "type": "Microsoft.DataFactory/factories/triggers",
            "apiVersion": "2018-06-01",
            "properties": {
                "annotations": [],
                "runtimeState": "Stopped",
                "pipeline": {
                    "pipelineReference": {
                        "referenceName": "pl_process_hospital_admissions_data",
                        "type": "PipelineReference"
                    },
                    "parameters": {}
                },
                "type": "TumblingWindowTrigger",
                "typeProperties": {
                    "frequency": "Hour",
                    "interval": 24,
                    "startTime": "2024-05-25T00:00:00Z",
                    "delay": "00:00:00",
                    "maxConcurrency": 50,
                    "retryPolicy": {
                        "intervalInSeconds": 30
                    },
                    "dependsOn": [
                        {
                            "type": "TumblingWindowTriggerDependencyReference",
                            "referenceTrigger": {
                                "referenceName": "tr_ingest_ecdc_data",
                                "type": "TriggerReference"
                            }
                        }
                    ]
                }
            },
            "dependsOn": [
                "[concat(variables('factoryId'), '/pipelines/pl_process_hospital_admissions_data')]",
                "[concat(variables('factoryId'), '/triggers/tr_ingest_ecdc_data')]"
            ]
        },
        {
            "name": "[concat(parameters('factoryName'), '/tr_sqlize_cases_and_deaths')]",
            "type": "Microsoft.DataFactory/factories/triggers",
            "apiVersion": "2018-06-01",
            "properties": {
                "annotations": [],
                "runtimeState": "Stopped",
                "pipeline": {
                    "pipelineReference": {
                        "referenceName": "pl_sqlize_cases_and_deaths_data",
                        "type": "PipelineReference"
                    },
                    "parameters": {}
                },
                "type": "TumblingWindowTrigger",
                "typeProperties": {
                    "frequency": "Hour",
                    "interval": 24,
                    "startTime": "2024-05-25T00:00:00Z",
                    "delay": "00:00:00",
                    "maxConcurrency": 50,
                    "retryPolicy": {
                        "intervalInSeconds": 30
                    },
                    "dependsOn": [
                        {
                            "type": "TumblingWindowTriggerDependencyReference",
                            "referenceTrigger": {
                                "referenceName": "tr_process_cases_and_deaths",
                                "type": "TriggerReference"
                            }
                        }
                    ]
                }
            },
            "dependsOn": [
                "[concat(variables('factoryId'), '/pipelines/pl_sqlize_cases_and_deaths_data')]",
                "[concat(variables('factoryId'), '/triggers/tr_process_cases_and_deaths')]"
            ]
        }
    ]
}