{
    "$schema": "http://schema.management.azure.com/schemas/2015-01-01/deploymentTemplate.json#",
    "contentVersion": "1.0.0.0",
    "parameters": {
        "factoryName": {
            "type": "string",
            "metadata": "Data Factory name",
            "defaultValue": "covid19-reporting-adf-shk"
        },
        "ls_ablob_covidreportingsa_connectionString": {
            "type": "secureString",
            "metadata": "Secure string for 'connectionString' of 'ls_ablob_covidreportingsa'"
        },
        "ls_adls_covidreportingdl_accountKey": {
            "type": "secureString",
            "metadata": "Secure string for 'accountKey' of 'ls_adls_covidreportingdl'"
        },
        "ls_db_covid_cluster_accessToken": {
            "type": "secureString",
            "metadata": "Secure string for 'accessToken' of 'ls_db_covid_cluster'"
        },
        "ls_sql_covid_db_password": {
            "type": "secureString",
            "metadata": "Secure string for 'password' of 'ls_sql_covid_db'"
        },
        "ls_adls_covidreportingdl_properties_typeProperties_url": {
            "type": "string",
            "defaultValue": "https://covidreportingdlshk.dfs.core.windows.net/"
        },
        "ls_http_opendata_ecdc_europa_eu_properties_typeProperties_url": {
            "type": "string",
            "defaultValue": "@{linkedService().sourceBaseURL}"
        },
        "ls_db_covid_cluster_properties_typeProperties_existingClusterId": {
            "type": "string",
            "defaultValue": "0525-124917-8ggocbeo"
        },
        "ls_sql_covid_db_properties_typeProperties_server": {
            "type": "string",
            "defaultValue": "covid-srv-shk.database.windows.net"
        },
        "ls_sql_covid_db_properties_typeProperties_database": {
            "type": "string",
            "defaultValue": "covid-db"
        },
        "ls_sql_covid_db_properties_typeProperties_userName": {
            "type": "string",
            "defaultValue": "adm"
        }
    },
    "variables": {
        "factoryId": "[concat('Microsoft.DataFactory/factories/', parameters('factoryName'))]"
    },
    "resources": [
        {
            "name": "[concat(parameters('factoryName'), '/ls_ablob_covidreportingsa')]",
            "type": "Microsoft.DataFactory/factories/linkedServices",
            "apiVersion": "2018-06-01",
            "properties": {
                "annotations": [],
                "type": "AzureBlobStorage",
                "typeProperties": {
                    "connectionString": "[parameters('ls_ablob_covidreportingsa_connectionString')]"
                }
            },
            "dependsOn": []
        },
        {
            "name": "[concat(parameters('factoryName'), '/ls_adls_covidreportingdl')]",
            "type": "Microsoft.DataFactory/factories/linkedServices",
            "apiVersion": "2018-06-01",
            "properties": {
                "annotations": [],
                "type": "AzureBlobFS",
                "typeProperties": {
                    "url": "[parameters('ls_adls_covidreportingdl_properties_typeProperties_url')]",
                    "accountKey": {
                        "type": "SecureString",
                        "value": "[parameters('ls_adls_covidreportingdl_accountKey')]"
                    }
                }
            },
            "dependsOn": []
        },
        {
            "name": "[concat(parameters('factoryName'), '/ls_http_opendata_ecdc_europa_eu')]",
            "type": "Microsoft.DataFactory/factories/linkedServices",
            "apiVersion": "2018-06-01",
            "properties": {
                "parameters": {
                    "sourceBaseURL": {
                        "type": "string"
                    }
                },
                "annotations": [],
                "type": "HttpServer",
                "typeProperties": {
                    "url": "[parameters('ls_http_opendata_ecdc_europa_eu_properties_typeProperties_url')]",
                    "enableServerCertificateValidation": true,
                    "authenticationType": "Anonymous"
                }
            },
            "dependsOn": []
        },
        {
            "name": "[concat(parameters('factoryName'), '/ls_db_covid_cluster')]",
            "type": "Microsoft.DataFactory/factories/linkedServices",
            "apiVersion": "2018-06-01",
            "properties": {
                "annotations": [],
                "type": "AzureDatabricks",
                "typeProperties": {
                    "domain": "https://adb-3962699066392062.2.azuredatabricks.net",
                    "accessToken": {
                        "type": "SecureString",
                        "value": "[parameters('ls_db_covid_cluster_accessToken')]"
                    },
                    "existingClusterId": "[parameters('ls_db_covid_cluster_properties_typeProperties_existingClusterId')]"
                }
            },
            "dependsOn": []
        },
        {
            "name": "[concat(parameters('factoryName'), '/ls_sql_covid_db')]",
            "type": "Microsoft.DataFactory/factories/linkedServices",
            "apiVersion": "2018-06-01",
            "properties": {
                "annotations": [],
                "type": "AzureSqlDatabase",
                "typeProperties": {
                    "server": "[parameters('ls_sql_covid_db_properties_typeProperties_server')]",
                    "database": "[parameters('ls_sql_covid_db_properties_typeProperties_database')]",
                    "encrypt": "mandatory",
                    "trustServerCertificate": false,
                    "hostNameInCertificate": "",
                    "authenticationType": "SQL",
                    "userName": "[parameters('ls_sql_covid_db_properties_typeProperties_userName')]",
                    "password": {
                        "type": "SecureString",
                        "value": "[parameters('ls_sql_covid_db_password')]"
                    }
                }
            },
            "dependsOn": []
        },
        {
            "name": "[concat(parameters('factoryName'), '/ds_population_raw_gz')]",
            "type": "Microsoft.DataFactory/factories/datasets",
            "apiVersion": "2018-06-01",
            "properties": {
                "linkedServiceName": {
                    "referenceName": "ls_ablob_covidreportingsa",
                    "type": "LinkedServiceReference"
                },
                "annotations": [],
                "type": "DelimitedText",
                "typeProperties": {
                    "location": {
                        "type": "AzureBlobStorageLocation",
                        "fileName": "population_by_age.tsv.gz",
                        "container": "population"
                    },
                    "columnDelimiter": "\t",
                    "compressionCodec": "gzip",
                    "compressionLevel": "Optimal",
                    "escapeChar": "\\",
                    "firstRowAsHeader": true,
                    "quoteChar": "\""
                },
                "schema": []
            },
            "dependsOn": [
                "[concat(variables('factoryId'), '/linkedServices/ls_ablob_covidreportingsa')]"
            ]
        },
        {
            "name": "[concat(parameters('factoryName'), '/ds_population_raw_tsv')]",
            "type": "Microsoft.DataFactory/factories/datasets",
            "apiVersion": "2018-06-01",
            "properties": {
                "linkedServiceName": {
                    "referenceName": "ls_adls_covidreportingdl",
                    "type": "LinkedServiceReference"
                },
                "annotations": [],
                "type": "DelimitedText",
                "typeProperties": {
                    "location": {
                        "type": "AzureBlobFSLocation",
                        "fileName": "population_by_age_tsv",
                        "folderPath": "population",
                        "fileSystem": "raw"
                    },
                    "columnDelimiter": "\t",
                    "escapeChar": "\\",
                    "firstRowAsHeader": true,
                    "quoteChar": "\""
                },
                "schema": []
            },
            "dependsOn": [
                "[concat(variables('factoryId'), '/linkedServices/ls_adls_covidreportingdl')]"
            ]
        },
        {
            "name": "[concat(parameters('factoryName'), '/ds_ecdc_raw_csv_http')]",
            "type": "Microsoft.DataFactory/factories/datasets",
            "apiVersion": "2018-06-01",
            "properties": {
                "linkedServiceName": {
                    "referenceName": "ls_http_opendata_ecdc_europa_eu",
                    "type": "LinkedServiceReference",
                    "parameters": {
                        "sourceBaseURL": {
                            "value": "@dataset().baseURL",
                            "type": "Expression"
                        }
                    }
                },
                "parameters": {
                    "relativeURL": {
                        "type": "string"
                    },
                    "baseURL": {
                        "type": "string"
                    }
                },
                "annotations": [],
                "type": "DelimitedText",
                "typeProperties": {
                    "location": {
                        "type": "HttpServerLocation",
                        "relativeUrl": {
                            "value": "@dataset().relativeURL",
                            "type": "Expression"
                        }
                    },
                    "columnDelimiter": ",",
                    "escapeChar": "\\",
                    "firstRowAsHeader": true,
                    "quoteChar": "\""
                },
                "schema": []
            },
            "dependsOn": [
                "[concat(variables('factoryId'), '/linkedServices/ls_http_opendata_ecdc_europa_eu')]"
            ]
        },
        {
            "name": "[concat(parameters('factoryName'), '/ds_ecdc_raw_csv_dl')]",
            "type": "Microsoft.DataFactory/factories/datasets",
            "apiVersion": "2018-06-01",
            "properties": {
                "linkedServiceName": {
                    "referenceName": "ls_adls_covidreportingdl",
                    "type": "LinkedServiceReference"
                },
                "parameters": {
                    "filename": {
                        "type": "string"
                    }
                },
                "annotations": [],
                "type": "DelimitedText",
                "typeProperties": {
                    "location": {
                        "type": "AzureBlobFSLocation",
                        "fileName": {
                            "value": "@dataset().filename",
                            "type": "Expression"
                        },
                        "folderPath": "ecdc",
                        "fileSystem": "raw"
                    },
                    "columnDelimiter": ",",
                    "escapeChar": "\\",
                    "firstRowAsHeader": true,
                    "quoteChar": "\""
                },
                "schema": []
            },
            "dependsOn": [
                "[concat(variables('factoryId'), '/linkedServices/ls_adls_covidreportingdl')]"
            ]
        },
        {
            "name": "[concat(parameters('factoryName'), '/ds_ecdc_file_list')]",
            "type": "Microsoft.DataFactory/factories/datasets",
            "apiVersion": "2018-06-01",
            "properties": {
                "linkedServiceName": {
                    "referenceName": "ls_ablob_covidreportingsa",
                    "type": "LinkedServiceReference"
                },
                "annotations": [],
                "type": "Json",
                "typeProperties": {
                    "location": {
                        "type": "AzureBlobStorageLocation",
                        "fileName": "ecdc_file_list.json",
                        "container": "configs"
                    }
                },
                "schema": {
                    "type": "object",
                    "properties": {
                        "sourceRelativeURL": {
                            "type": "string"
                        },
                        "sinkFileName": {
                            "type": "string"
                        }
                    }
                }
            },
            "dependsOn": [
                "[concat(variables('factoryId'), '/linkedServices/ls_ablob_covidreportingsa')]"
            ]
        },
        {
            "name": "[concat(parameters('factoryName'), '/ds_processed_cases_and_deaths')]",
            "type": "Microsoft.DataFactory/factories/datasets",
            "apiVersion": "2018-06-01",
            "properties": {
                "linkedServiceName": {
                    "referenceName": "ls_adls_covidreportingdl",
                    "type": "LinkedServiceReference"
                },
                "annotations": [],
                "type": "DelimitedText",
                "typeProperties": {
                    "location": {
                        "type": "AzureBlobFSLocation",
                        "folderPath": "ecdc/cases_deaths",
                        "fileSystem": "processed"
                    },
                    "columnDelimiter": ",",
                    "escapeChar": "\\",
                    "firstRowAsHeader": true,
                    "quoteChar": "\""
                },
                "schema": []
            },
            "dependsOn": [
                "[concat(variables('factoryId'), '/linkedServices/ls_adls_covidreportingdl')]"
            ]
        },
        {
            "name": "[concat(parameters('factoryName'), '/ds_raw_cases_deaths_data')]",
            "type": "Microsoft.DataFactory/factories/datasets",
            "apiVersion": "2018-06-01",
            "properties": {
                "linkedServiceName": {
                    "referenceName": "ls_adls_covidreportingdl",
                    "type": "LinkedServiceReference"
                },
                "annotations": [],
                "type": "DelimitedText",
                "typeProperties": {
                    "location": {
                        "type": "AzureBlobFSLocation",
                        "fileName": "cases_deaths.csv",
                        "folderPath": "ecdc/cases_deaths",
                        "fileSystem": "raw"
                    },
                    "columnDelimiter": ",",
                    "escapeChar": "\\",
                    "firstRowAsHeader": true,
                    "quoteChar": "\""
                },
                "schema": [
                    {
                        "name": "country",
                        "type": "String"
                    },
                    {
                        "name": "country_code",
                        "type": "String"
                    },
                    {
                        "name": "continent",
                        "type": "String"
                    },
                    {
                        "name": "population",
                        "type": "String"
                    },
                    {
                        "name": "indicator",
                        "type": "String"
                    },
                    {
                        "name": "daily_count",
                        "type": "String"
                    },
                    {
                        "name": "date",
                        "type": "String"
                    },
                    {
                        "name": "rate_14_day",
                        "type": "String"
                    },
                    {
                        "name": "source",
                        "type": "String"
                    }
                ]
            },
            "dependsOn": [
                "[concat(variables('factoryId'), '/linkedServices/ls_adls_covidreportingdl')]"
            ]
        },
        {
            "name": "[concat(parameters('factoryName'), '/ds_country_lookup')]",
            "type": "Microsoft.DataFactory/factories/datasets",
            "apiVersion": "2018-06-01",
            "properties": {
                "linkedServiceName": {
                    "referenceName": "ls_adls_covidreportingdl",
                    "type": "LinkedServiceReference"
                },
                "annotations": [],
                "type": "DelimitedText",
                "typeProperties": {
                    "location": {
                        "type": "AzureBlobFSLocation",
                        "fileName": "country_lookup.csv",
                        "folderPath": "dim_country",
                        "fileSystem": "lookup"
                    },
                    "columnDelimiter": ",",
                    "escapeChar": "\\",
                    "firstRowAsHeader": true,
                    "quoteChar": "\""
                },
                "schema": [
                    {
                        "name": "country",
                        "type": "String"
                    },
                    {
                        "name": "country_code_2_digit",
                        "type": "String"
                    },
                    {
                        "name": "country_code_3_digit",
                        "type": "String"
                    },
                    {
                        "name": "continent",
                        "type": "String"
                    },
                    {
                        "name": "population",
                        "type": "String"
                    }
                ]
            },
            "dependsOn": [
                "[concat(variables('factoryId'), '/linkedServices/ls_adls_covidreportingdl')]"
            ]
        },
        {
            "name": "[concat(parameters('factoryName'), '/ds_processed_hospital_admission_weekly')]",
            "type": "Microsoft.DataFactory/factories/datasets",
            "apiVersion": "2018-06-01",
            "properties": {
                "linkedServiceName": {
                    "referenceName": "ls_adls_covidreportingdl",
                    "type": "LinkedServiceReference"
                },
                "annotations": [],
                "type": "DelimitedText",
                "typeProperties": {
                    "location": {
                        "type": "AzureBlobFSLocation",
                        "folderPath": "ecdc/hospital_admissions_weekly",
                        "fileSystem": "processed"
                    },
                    "columnDelimiter": ",",
                    "escapeChar": "\\",
                    "firstRowAsHeader": true,
                    "quoteChar": "\""
                },
                "schema": []
            },
            "dependsOn": [
                "[concat(variables('factoryId'), '/linkedServices/ls_adls_covidreportingdl')]"
            ]
        },
        {
            "name": "[concat(parameters('factoryName'), '/ds_processed_hospital_admission_daily')]",
            "type": "Microsoft.DataFactory/factories/datasets",
            "apiVersion": "2018-06-01",
            "properties": {
                "linkedServiceName": {
                    "referenceName": "ls_adls_covidreportingdl",
                    "type": "LinkedServiceReference"
                },
                "annotations": [],
                "type": "DelimitedText",
                "typeProperties": {
                    "location": {
                        "type": "AzureBlobFSLocation",
                        "folderPath": "ecdc/hospital_addmissions_daily",
                        "fileSystem": "processed"
                    },
                    "columnDelimiter": ",",
                    "rowDelimiter": "\n",
                    "escapeChar": "\\",
                    "firstRowAsHeader": true,
                    "quoteChar": "\""
                },
                "schema": [
                    {
                        "name": "country",
                        "type": "String"
                    },
                    {
                        "name": "reported_date",
                        "type": "String"
                    },
                    {
                        "name": "country_code_2_digit",
                        "type": "String"
                    },
                    {
                        "name": "country_code_3_digit",
                        "type": "String"
                    },
                    {
                        "name": "population",
                        "type": "String"
                    },
                    {
                        "name": "hospital_occupancy_count",
                        "type": "String"
                    },
                    {
                        "name": "icu_occupancy_count",
                        "type": "String"
                    },
                    {
                        "name": "source",
                        "type": "String"
                    }
                ]
            },
            "dependsOn": [
                "[concat(variables('factoryId'), '/linkedServices/ls_adls_covidreportingdl')]"
            ]
        },
        {
            "name": "[concat(parameters('factoryName'), '/ds_raw_hospital_data')]",
            "type": "Microsoft.DataFactory/factories/datasets",
            "apiVersion": "2018-06-01",
            "properties": {
                "linkedServiceName": {
                    "referenceName": "ls_adls_covidreportingdl",
                    "type": "LinkedServiceReference"
                },
                "annotations": [],
                "type": "DelimitedText",
                "typeProperties": {
                    "location": {
                        "type": "AzureBlobFSLocation",
                        "fileName": "hospital_admissions.csv",
                        "folderPath": "ecdc/hospital_admissions",
                        "fileSystem": "raw"
                    },
                    "columnDelimiter": ",",
                    "escapeChar": "\\",
                    "firstRowAsHeader": true,
                    "quoteChar": "\""
                },
                "schema": [
                    {
                        "name": "country",
                        "type": "String"
                    },
                    {
                        "name": "indicator",
                        "type": "String"
                    },
                    {
                        "name": "date",
                        "type": "String"
                    },
                    {
                        "name": "year_week",
                        "type": "String"
                    },
                    {
                        "name": "value",
                        "type": "String"
                    },
                    {
                        "name": "source",
                        "type": "String"
                    },
                    {
                        "name": "url",
                        "type": "String"
                    }
                ]
            },
            "dependsOn": [
                "[concat(variables('factoryId'), '/linkedServices/ls_adls_covidreportingdl')]"
            ]
        },
        {
            "name": "[concat(parameters('factoryName'), '/ds_dim_date_lookup')]",
            "type": "Microsoft.DataFactory/factories/datasets",
            "apiVersion": "2018-06-01",
            "properties": {
                "linkedServiceName": {
                    "referenceName": "ls_adls_covidreportingdl",
                    "type": "LinkedServiceReference"
                },
                "annotations": [],
                "type": "DelimitedText",
                "typeProperties": {
                    "location": {
                        "type": "AzureBlobFSLocation",
                        "fileName": "dim_date.csv",
                        "folderPath": "dim_date",
                        "fileSystem": "lookup"
                    },
                    "columnDelimiter": ",",
                    "escapeChar": "\\",
                    "firstRowAsHeader": true,
                    "quoteChar": "\""
                },
                "schema": [
                    {
                        "name": "date_key",
                        "type": "String"
                    },
                    {
                        "name": "date",
                        "type": "String"
                    },
                    {
                        "name": "year",
                        "type": "String"
                    },
                    {
                        "name": "month",
                        "type": "String"
                    },
                    {
                        "name": "day",
                        "type": "String"
                    },
                    {
                        "name": "day_name",
                        "type": "String"
                    },
                    {
                        "name": "day_of_year",
                        "type": "String"
                    },
                    {
                        "name": "week_of_month",
                        "type": "String"
                    },
                    {
                        "name": "week_of_year",
                        "type": "String"
                    },
                    {
                        "name": "month_name",
                        "type": "String"
                    },
                    {
                        "name": "year_month",
                        "type": "String"
                    },
                    {
                        "name": "year_week",
                        "type": "String"
                    }
                ]
            },
            "dependsOn": [
                "[concat(variables('factoryId'), '/linkedServices/ls_adls_covidreportingdl')]"
            ]
        },
        {
            "name": "[concat(parameters('factoryName'), '/ds_sql_cases_and_deaths')]",
            "type": "Microsoft.DataFactory/factories/datasets",
            "apiVersion": "2018-06-01",
            "properties": {
                "linkedServiceName": {
                    "referenceName": "ls_sql_covid_db",
                    "type": "LinkedServiceReference"
                },
                "annotations": [],
                "type": "AzureSqlTable",
                "schema": [
                    {
                        "name": "country",
                        "type": "varchar"
                    },
                    {
                        "name": "country_code_2_digit",
                        "type": "varchar"
                    },
                    {
                        "name": "country_code_3_digit",
                        "type": "varchar"
                    },
                    {
                        "name": "population",
                        "type": "bigint",
                        "precision": 19
                    },
                    {
                        "name": "cases_count",
                        "type": "bigint",
                        "precision": 19
                    },
                    {
                        "name": "deaths_count",
                        "type": "bigint",
                        "precision": 19
                    },
                    {
                        "name": "reported_date",
                        "type": "date"
                    },
                    {
                        "name": "source",
                        "type": "varchar"
                    }
                ],
                "typeProperties": {
                    "schema": "covid_reporting",
                    "table": "cases_and_deaths"
                }
            },
            "dependsOn": [
                "[concat(variables('factoryId'), '/linkedServices/ls_sql_covid_db')]"
            ]
        },
        {
            "name": "[concat(parameters('factoryName'), '/ds_sql_hospital_admission_Daily')]",
            "type": "Microsoft.DataFactory/factories/datasets",
            "apiVersion": "2018-06-01",
            "properties": {
                "linkedServiceName": {
                    "referenceName": "ls_sql_covid_db",
                    "type": "LinkedServiceReference"
                },
                "annotations": [],
                "type": "AzureSqlTable",
                "schema": [
                    {
                        "name": "country",
                        "type": "varchar"
                    },
                    {
                        "name": "country_code_2_digit",
                        "type": "varchar"
                    },
                    {
                        "name": "country_code_3_digit",
                        "type": "varchar"
                    },
                    {
                        "name": "population",
                        "type": "bigint",
                        "precision": 19
                    },
                    {
                        "name": "reported_date",
                        "type": "date"
                    },
                    {
                        "name": "hospital_occupancy_count",
                        "type": "bigint",
                        "precision": 19
                    },
                    {
                        "name": "icu_occupancy_count",
                        "type": "bigint",
                        "precision": 19
                    },
                    {
                        "name": "source",
                        "type": "varchar"
                    }
                ],
                "typeProperties": {
                    "schema": "covid_reporting",
                    "table": "hospital_admissions_daily"
                }
            },
            "dependsOn": [
                "[concat(variables('factoryId'), '/linkedServices/ls_sql_covid_db')]"
            ]
        },
        {
            "name": "[concat(parameters('factoryName'), '/ds_sql_testing')]",
            "type": "Microsoft.DataFactory/factories/datasets",
            "apiVersion": "2018-06-01",
            "properties": {
                "linkedServiceName": {
                    "referenceName": "ls_sql_covid_db",
                    "type": "LinkedServiceReference"
                },
                "annotations": [],
                "type": "AzureSqlTable",
                "schema": [
                    {
                        "name": "country",
                        "type": "varchar"
                    },
                    {
                        "name": "country_code_2_digit",
                        "type": "varchar"
                    },
                    {
                        "name": "country_code_3_digit",
                        "type": "varchar"
                    },
                    {
                        "name": "year_week",
                        "type": "varchar"
                    },
                    {
                        "name": "week_start_date",
                        "type": "date"
                    },
                    {
                        "name": "week_end_date",
                        "type": "date"
                    },
                    {
                        "name": "new_cases",
                        "type": "bigint",
                        "precision": 19
                    },
                    {
                        "name": "tests_done",
                        "type": "bigint",
                        "precision": 19
                    },
                    {
                        "name": "population",
                        "type": "bigint",
                        "precision": 19
                    },
                    {
                        "name": "testing_data_source",
                        "type": "varchar"
                    }
                ],
                "typeProperties": {
                    "schema": "covid_reporting",
                    "table": "testing"
                }
            },
            "dependsOn": [
                "[concat(variables('factoryId'), '/linkedServices/ls_sql_covid_db')]"
            ]
        }
    ]
}