{
    "$schema": "https://schema.management.azure.com/schemas/2015-01-01/deploymentParameters.json#",
    "contentVersion": "1.0.0.0",
    "parameters": {
        "vulnerabilityAssessments_Default_storageContainerPath": {
            "value": null
        },
        "servers_covid_srv_shk_name": {
            "value": null
        },
        "workspaces_covid_reporting_rg_name": {
            "value": null
        },
        "storageAccounts_covidreportingdlshk_name": {
            "value": null
        },
        "storageAccounts_covidreportingsashk_name": {
            "value": null
        }
    }
}