{
    "$schema": "https://schema.management.azure.com/schemas/2019-04-01/deploymentTemplate.json#",
    "contentVersion": "1.0.0.0",
    "parameters": {
        "vulnerabilityAssessments_Default_storageContainerPath": {
            "type": "SecureString"
        },
        "servers_covid_srv_shk_name": {
            "defaultValue": "covid-srv-shk",
            "type": "String"
        },
        "workspaces_covid_reporting_rg_name": {
            "defaultValue": "covid-reporting-rg",
            "type": "String"
        },
        "storageAccounts_covidreportingdlshk_name": {
            "defaultValue": "covidreportingdlshk",
            "type": "String"
        },
        "storageAccounts_covidreportingsashk_name": {
            "defaultValue": "covidreportingsashk",
            "type": "String"
        }
    },
    "variables": {},
    "resources": [
        {
            "type": "Microsoft.Databricks/workspaces",
            "apiVersion": "2023-09-15-preview",
            "name": "[parameters('workspaces_covid_reporting_rg_name')]",
            "location": "uksouth",
            "sku": {
                "name": "standard"
            },
            "properties": {
                "managedResourceGroupId": "[concat('/subscriptions/e6c4eb07-eed3-4ae4-9a8a-df7cda452bf8/resourceGroups/databricks-rg-', parameters('workspaces_covid_reporting_rg_name'), '-fbx5l7obmf2tw')]",
                "parameters": {
                    "enableNoPublicIp": {
                        "value": false
                    },
                    "prepareEncryption": {
                        "value": false
                    },
                    "publicIpName": {
                        "value": "nat-gw-public-ip"
                    },
                    "requireInfrastructureEncryption": {
                        "value": false
                    },
                    "storageAccountName": {
                        "value": "dbstoragegynsnx3llqxh6"
                    },
                    "storageAccountSkuName": {
                        "value": "Standard_GRS"
                    },
                    "vnetAddressPrefix": {
                        "value": "10.139"
                    }
                },
                "authorizations": [
                    {
                        "principalId": "9a74af6f-d153-4348-988a-e2672920bee9",
                        "roleDefinitionId": "8e3af657-a8ff-443c-a75c-2fe8c4bcb635"
                    }
                ],
                "createdBy": {},
                "updatedBy": {}
            }
        },
        {
            "type": "Microsoft.Sql/servers",
            "apiVersion": "2023-08-01-preview",
            "name": "[parameters('servers_covid_srv_shk_name')]",
            "location": "uksouth",
            "kind": "v12.0",
            "properties": {
                "administratorLogin": "adm",
                "version": "12.0",
                "minimalTlsVersion": "1.2",
                "publicNetworkAccess": "Enabled",
                "restrictOutboundNetworkAccess": "Disabled"
            }
        },
        {
            "type": "Microsoft.Storage/storageAccounts",
            "apiVersion": "2023-04-01",
            "name": "[parameters('storageAccounts_covidreportingdlshk_name')]",
            "location": "uksouth",
            "sku": {
                "name": "Standard_LRS",
                "tier": "Standard"
            },
            "kind": "StorageV2",
            "properties": {
                "dnsEndpointType": "Standard",
                "defaultToOAuthAuthentication": false,
                "publicNetworkAccess": "Enabled",
                "allowCrossTenantReplication": false,
                "isSftpEnabled": false,
                "minimumTlsVersion": "TLS1_2",
                "allowBlobPublicAccess": false,
                "allowSharedKeyAccess": true,
                "largeFileSharesState": "Enabled",
                "isHnsEnabled": true,
                "networkAcls": {
                    "bypass": "AzureServices",
                    "virtualNetworkRules": [],
                    "ipRules": [],
                    "defaultAction": "Allow"
                },
                "supportsHttpsTrafficOnly": true,
                "encryption": {
                    "requireInfrastructureEncryption": false,
                    "services": {
                        "file": {
                            "keyType": "Account",
                            "enabled": true
                        },
                        "blob": {
                            "keyType": "Account",
                            "enabled": true
                        }
                    },
                    "keySource": "Microsoft.Storage"
                },
                "accessTier": "Hot"
            }
        },
        {
            "type": "Microsoft.Storage/storageAccounts",
            "apiVersion": "2023-04-01",
            "name": "[parameters('storageAccounts_covidreportingsashk_name')]",
            "location": "eastus",
            "sku": {
                "name": "Standard_LRS",
                "tier": "Standard"
            },
            "kind": "StorageV2",
            "properties": {
                "dnsEndpointType": "Standard",
                "defaultToOAuthAuthentication": false,
                "publicNetworkAccess": "Enabled",
                "allowCrossTenantReplication": false,
                "minimumTlsVersion": "TLS1_2",
                "allowBlobPublicAccess": false,
                "allowSharedKeyAccess": true,
                "largeFileSharesState": "Enabled",
                "networkAcls": {
                    "bypass": "AzureServices",
                    "virtualNetworkRules": [],
                    "ipRules": [],
                    "defaultAction": "Allow"
                },
                "supportsHttpsTrafficOnly": true,
                "encryption": {
                    "requireInfrastructureEncryption": false,
                    "services": {
                        "file": {
                            "keyType": "Account",
                            "enabled": true
                        },
                        "blob": {
                            "keyType": "Account",
                            "enabled": true
                        }
                    },
                    "keySource": "Microsoft.Storage"
                },
                "accessTier": "Hot"
            }
        },
        {
            "type": "Microsoft.Sql/servers/advancedThreatProtectionSettings",
            "apiVersion": "2023-08-01-preview",
            "name": "[concat(parameters('servers_covid_srv_shk_name'), '/Default')]",
            "dependsOn": [
                "[resourceId('Microsoft.Sql/servers', parameters('servers_covid_srv_shk_name'))]"
            ],
            "properties": {
                "state": "Disabled"
            }
        },
        {
            "type": "Microsoft.Sql/servers/advisors",
            "apiVersion": "2014-04-01",
            "name": "[concat(parameters('servers_covid_srv_shk_name'), '/CreateIndex')]",
            "dependsOn": [
                "[resourceId('Microsoft.Sql/servers', parameters('servers_covid_srv_shk_name'))]"
            ],
            "properties": {
                "autoExecuteValue": "Disabled"
            }
        },
        {
            "type": "Microsoft.Sql/servers/advisors",
            "apiVersion": "2014-04-01",
            "name": "[concat(parameters('servers_covid_srv_shk_name'), '/DbParameterization')]",
            "dependsOn": [
                "[resourceId('Microsoft.Sql/servers', parameters('servers_covid_srv_shk_name'))]"
            ],
            "properties": {
                "autoExecuteValue": "Disabled"
            }
        },
        {
            "type": "Microsoft.Sql/servers/advisors",
            "apiVersion": "2014-04-01",
            "name": "[concat(parameters('servers_covid_srv_shk_name'), '/DefragmentIndex')]",
            "dependsOn": [
                "[resourceId('Microsoft.Sql/servers', parameters('servers_covid_srv_shk_name'))]"
            ],
            "properties": {
                "autoExecuteValue": "Disabled"
            }
        },
        {
            "type": "Microsoft.Sql/servers/advisors",
            "apiVersion": "2014-04-01",
            "name": "[concat(parameters('servers_covid_srv_shk_name'), '/DropIndex')]",
            "dependsOn": [
                "[resourceId('Microsoft.Sql/servers', parameters('servers_covid_srv_shk_name'))]"
            ],
            "properties": {
                "autoExecuteValue": "Disabled"
            }
        },
        {
            "type": "Microsoft.Sql/servers/advisors",
            "apiVersion": "2014-04-01",
            "name": "[concat(parameters('servers_covid_srv_shk_name'), '/ForceLastGoodPlan')]",
            "dependsOn": [
                "[resourceId('Microsoft.Sql/servers', parameters('servers_covid_srv_shk_name'))]"
            ],
            "properties": {
                "autoExecuteValue": "Enabled"
            }
        },
        {
            "type": "Microsoft.Sql/servers/auditingPolicies",
            "apiVersion": "2014-04-01",
            "name": "[concat(parameters('servers_covid_srv_shk_name'), '/Default')]",
            "location": "UK South",
            "dependsOn": [
                "[resourceId('Microsoft.Sql/servers', parameters('servers_covid_srv_shk_name'))]"
            ],
            "properties": {
                "auditingState": "Disabled"
            }
        },
        {
            "type": "Microsoft.Sql/servers/auditingSettings",
            "apiVersion": "2023-08-01-preview",
            "name": "[concat(parameters('servers_covid_srv_shk_name'), '/Default')]",
            "dependsOn": [
                "[resourceId('Microsoft.Sql/servers', parameters('servers_covid_srv_shk_name'))]"
            ],
            "properties": {
                "retentionDays": 0,
                "auditActionsAndGroups": [],
                "isStorageSecondaryKeyInUse": false,
                "isAzureMonitorTargetEnabled": false,
                "isManagedIdentityInUse": false,
                "state": "Disabled",
                "storageAccountSubscriptionId": "00000000-0000-0000-0000-000000000000"
            }
        },
        {
            "type": "Microsoft.Sql/servers/connectionPolicies",
            "apiVersion": "2023-08-01-preview",
            "name": "[concat(parameters('servers_covid_srv_shk_name'), '/default')]",
            "location": "uksouth",
            "dependsOn": [
                "[resourceId('Microsoft.Sql/servers', parameters('servers_covid_srv_shk_name'))]"
            ],
            "properties": {
                "connectionType": "Default"
            }
        },
        {
            "type": "Microsoft.Sql/servers/databases",
            "apiVersion": "2023-08-01-preview",
            "name": "[concat(parameters('servers_covid_srv_shk_name'), '/covid-db')]",
            "location": "uksouth",
            "dependsOn": [
                "[resourceId('Microsoft.Sql/servers', parameters('servers_covid_srv_shk_name'))]"
            ],
            "sku": {
                "name": "Basic",
                "tier": "Basic",
                "capacity": 5
            },
            "kind": "v12.0,user",
            "properties": {
                "collation": "SQL_Latin1_General_CP1_CI_AS",
                "maxSizeBytes": 2147483648,
                "catalogCollation": "SQL_Latin1_General_CP1_CI_AS",
                "zoneRedundant": false,
                "readScale": "Disabled",
                "requestedBackupStorageRedundancy": "Local",
                "maintenanceConfigurationId": "/subscriptions/e6c4eb07-eed3-4ae4-9a8a-df7cda452bf8/providers/Microsoft.Maintenance/publicMaintenanceConfigurations/SQL_Default",
                "isLedgerOn": false,
                "availabilityZone": "NoPreference"
            }
        },
        {
            "type": "Microsoft.Sql/servers/databases/advancedThreatProtectionSettings",
            "apiVersion": "2023-08-01-preview",
            "name": "[concat(parameters('servers_covid_srv_shk_name'), '/master/Default')]",
            "dependsOn": [
                "[resourceId('Microsoft.Sql/servers', parameters('servers_covid_srv_shk_name'))]"
            ],
            "properties": {
                "state": "Disabled"
            }
        },
        {
            "type": "Microsoft.Sql/servers/databases/auditingPolicies",
            "apiVersion": "2014-04-01",
            "name": "[concat(parameters('servers_covid_srv_shk_name'), '/master/Default')]",
            "location": "UK South",
            "dependsOn": [
                "[resourceId('Microsoft.Sql/servers', parameters('servers_covid_srv_shk_name'))]"
            ],
            "properties": {
                "auditingState": "Disabled"
            }
        },
        {
            "type": "Microsoft.Sql/servers/databases/auditingSettings",
            "apiVersion": "2023-08-01-preview",
            "name": "[concat(parameters('servers_covid_srv_shk_name'), '/master/Default')]",
            "dependsOn": [
                "[resourceId('Microsoft.Sql/servers', parameters('servers_covid_srv_shk_name'))]"
            ],
            "properties": {
                "retentionDays": 0,
                "isAzureMonitorTargetEnabled": false,
                "state": "Disabled",
                "storageAccountSubscriptionId": "00000000-0000-0000-0000-000000000000"
            }
        },
        {
            "type": "Microsoft.Sql/servers/databases/extendedAuditingSettings",
            "apiVersion": "2023-08-01-preview",
            "name": "[concat(parameters('servers_covid_srv_shk_name'), '/master/Default')]",
            "dependsOn": [
                "[resourceId('Microsoft.Sql/servers', parameters('servers_covid_srv_shk_name'))]"
            ],
            "properties": {
                "retentionDays": 0,
                "isAzureMonitorTargetEnabled": false,
                "state": "Disabled",
                "storageAccountSubscriptionId": "00000000-0000-0000-0000-000000000000"
            }
        },
        {
            "type": "Microsoft.Sql/servers/databases/geoBackupPolicies",
            "apiVersion": "2023-08-01-preview",
            "name": "[concat(parameters('servers_covid_srv_shk_name'), '/master/Default')]",
            "dependsOn": [
                "[resourceId('Microsoft.Sql/servers', parameters('servers_covid_srv_shk_name'))]"
            ],
            "properties": {
                "state": "Disabled"
            }
        },
        {
            "type": "Microsoft.Sql/servers/databases/ledgerDigestUploads",
            "apiVersion": "2023-08-01-preview",
            "name": "[concat(parameters('servers_covid_srv_shk_name'), '/master/Current')]",
            "dependsOn": [
                "[resourceId('Microsoft.Sql/servers', parameters('servers_covid_srv_shk_name'))]"
            ],
            "properties": {}
        },
        {
            "type": "Microsoft.Sql/servers/databases/securityAlertPolicies",
            "apiVersion": "2023-08-01-preview",
            "name": "[concat(parameters('servers_covid_srv_shk_name'), '/master/Default')]",
            "dependsOn": [
                "[resourceId('Microsoft.Sql/servers', parameters('servers_covid_srv_shk_name'))]"
            ],
            "properties": {
                "state": "Disabled",
                "disabledAlerts": [
                    ""
                ],
                "emailAddresses": [
                    ""
                ],
                "emailAccountAdmins": false,
                "retentionDays": 0
            }
        },
        {
            "type": "Microsoft.Sql/servers/databases/transparentDataEncryption",
            "apiVersion": "2023-08-01-preview",
            "name": "[concat(parameters('servers_covid_srv_shk_name'), '/master/Current')]",
            "dependsOn": [
                "[resourceId('Microsoft.Sql/servers', parameters('servers_covid_srv_shk_name'))]"
            ],
            "properties": {
                "state": "Disabled"
            }
        },
        {
            "type": "Microsoft.Sql/servers/databases/vulnerabilityAssessments",
            "apiVersion": "2023-08-01-preview",
            "name": "[concat(parameters('servers_covid_srv_shk_name'), '/master/Default')]",
            "dependsOn": [
                "[resourceId('Microsoft.Sql/servers', parameters('servers_covid_srv_shk_name'))]"
            ],
            "properties": {
                "recurringScans": {
                    "isEnabled": false,
                    "emailSubscriptionAdmins": true
                }
            }
        },
        {
            "type": "Microsoft.Sql/servers/devOpsAuditingSettings",
            "apiVersion": "2023-08-01-preview",
            "name": "[concat(parameters('servers_covid_srv_shk_name'), '/Default')]",
            "dependsOn": [
                "[resourceId('Microsoft.Sql/servers', parameters('servers_covid_srv_shk_name'))]"
            ],
            "properties": {
                "isAzureMonitorTargetEnabled": false,
                "isManagedIdentityInUse": false,
                "state": "Disabled",
                "storageAccountSubscriptionId": "00000000-0000-0000-0000-000000000000"
            }
        },
        {
            "type": "Microsoft.Sql/servers/encryptionProtector",
            "apiVersion": "2023-08-01-preview",
            "name": "[concat(parameters('servers_covid_srv_shk_name'), '/current')]",
            "dependsOn": [
                "[resourceId('Microsoft.Sql/servers', parameters('servers_covid_srv_shk_name'))]"
            ],
            "kind": "servicemanaged",
            "properties": {
                "serverKeyName": "ServiceManaged",
                "serverKeyType": "ServiceManaged",
                "autoRotationEnabled": false
            }
        },
        {
            "type": "Microsoft.Sql/servers/extendedAuditingSettings",
            "apiVersion": "2023-08-01-preview",
            "name": "[concat(parameters('servers_covid_srv_shk_name'), '/Default')]",
            "dependsOn": [
                "[resourceId('Microsoft.Sql/servers', parameters('servers_covid_srv_shk_name'))]"
            ],
            "properties": {
                "retentionDays": 0,
                "auditActionsAndGroups": [],
                "isStorageSecondaryKeyInUse": false,
                "isAzureMonitorTargetEnabled": false,
                "isManagedIdentityInUse": false,
                "state": "Disabled",
                "storageAccountSubscriptionId": "00000000-0000-0000-0000-000000000000"
            }
        },
        {
            "type": "Microsoft.Sql/servers/firewallRules",
            "apiVersion": "2023-08-01-preview",
            "name": "[concat(parameters('servers_covid_srv_shk_name'), '/AllowAllWindowsAzureIps')]",
            "dependsOn": [
                "[resourceId('Microsoft.Sql/servers', parameters('servers_covid_srv_shk_name'))]"
            ],
            "properties": {
                "startIpAddress": "0.0.0.0",
                "endIpAddress": "0.0.0.0"
            }
        },
        {
            "type": "Microsoft.Sql/servers/firewallRules",
            "apiVersion": "2023-08-01-preview",
            "name": "[concat(parameters('servers_covid_srv_shk_name'), '/ClientIp-2024-5-23_1-1-25')]",
            "dependsOn": [
                "[resourceId('Microsoft.Sql/servers', parameters('servers_covid_srv_shk_name'))]"
            ],
            "properties": {
                "startIpAddress": "103.149.126.158",
                "endIpAddress": "103.149.126.158"
            }
        },
        {
            "type": "Microsoft.Sql/servers/keys",
            "apiVersion": "2023-08-01-preview",
            "name": "[concat(parameters('servers_covid_srv_shk_name'), '/ServiceManaged')]",
            "dependsOn": [
                "[resourceId('Microsoft.Sql/servers', parameters('servers_covid_srv_shk_name'))]"
            ],
            "kind": "servicemanaged",
            "properties": {
                "serverKeyType": "ServiceManaged"
            }
        },
        {
            "type": "Microsoft.Sql/servers/securityAlertPolicies",
            "apiVersion": "2023-08-01-preview",
            "name": "[concat(parameters('servers_covid_srv_shk_name'), '/Default')]",
            "dependsOn": [
                "[resourceId('Microsoft.Sql/servers', parameters('servers_covid_srv_shk_name'))]"
            ],
            "properties": {
                "state": "Disabled",
                "disabledAlerts": [
                    ""
                ],
                "emailAddresses": [
                    ""
                ],
                "emailAccountAdmins": false,
                "retentionDays": 0
            }
        },
        {
            "type": "Microsoft.Sql/servers/sqlVulnerabilityAssessments",
            "apiVersion": "2023-08-01-preview",
            "name": "[concat(parameters('servers_covid_srv_shk_name'), '/Default')]",
            "dependsOn": [
                "[resourceId('Microsoft.Sql/servers', parameters('servers_covid_srv_shk_name'))]"
            ],
            "properties": {
                "state": "Disabled"
            }
        },
        {
            "type": "Microsoft.Sql/servers/vulnerabilityAssessments",
            "apiVersion": "2023-08-01-preview",
            "name": "[concat(parameters('servers_covid_srv_shk_name'), '/Default')]",
            "dependsOn": [
                "[resourceId('Microsoft.Sql/servers', parameters('servers_covid_srv_shk_name'))]"
            ],
            "properties": {
                "recurringScans": {
                    "isEnabled": false,
                    "emailSubscriptionAdmins": true
                },
                "storageContainerPath": "[parameters('vulnerabilityAssessments_Default_storageContainerPath')]"
            }
        },
        {
            "type": "Microsoft.Storage/storageAccounts/blobServices",
            "apiVersion": "2023-04-01",
            "name": "[concat(parameters('storageAccounts_covidreportingdlshk_name'), '/default')]",
            "dependsOn": [
                "[resourceId('Microsoft.Storage/storageAccounts', parameters('storageAccounts_covidreportingdlshk_name'))]"
            ],
            "sku": {
                "name": "Standard_LRS",
                "tier": "Standard"
            },
            "properties": {
                "cors": {
                    "corsRules": []
                },
                "deleteRetentionPolicy": {
                    "allowPermanentDelete": false,
                    "enabled": true,
                    "days": 7
                },
                "containerDeleteRetentionPolicy": {
                    "enabled": true,
                    "days": 7
                }
            }
        },
        {
            "type": "Microsoft.Storage/storageAccounts/blobServices",
            "apiVersion": "2023-04-01",
            "name": "[concat(parameters('storageAccounts_covidreportingsashk_name'), '/default')]",
            "dependsOn": [
                "[resourceId('Microsoft.Storage/storageAccounts', parameters('storageAccounts_covidreportingsashk_name'))]"
            ],
            "sku": {
                "name": "Standard_LRS",
                "tier": "Standard"
            },
            "properties": {
                "containerDeleteRetentionPolicy": {
                    "enabled": true,
                    "days": 7
                },
                "cors": {
                    "corsRules": []
                },
                "deleteRetentionPolicy": {
                    "allowPermanentDelete": false,
                    "enabled": true,
                    "days": 7
                }
            }
        },
        {
            "type": "Microsoft.Storage/storageAccounts/fileServices",
            "apiVersion": "2023-04-01",
            "name": "[concat(parameters('storageAccounts_covidreportingdlshk_name'), '/default')]",
            "dependsOn": [
                "[resourceId('Microsoft.Storage/storageAccounts', parameters('storageAccounts_covidreportingdlshk_name'))]"
            ],
            "sku": {
                "name": "Standard_LRS",
                "tier": "Standard"
            },
            "properties": {
                "protocolSettings": {
                    "smb": {}
                },
                "cors": {
                    "corsRules": []
                },
                "shareDeleteRetentionPolicy": {
                    "enabled": true,
                    "days": 7
                }
            }
        },
        {
            "type": "Microsoft.Storage/storageAccounts/fileServices",
            "apiVersion": "2023-04-01",
            "name": "[concat(parameters('storageAccounts_covidreportingsashk_name'), '/default')]",
            "dependsOn": [
                "[resourceId('Microsoft.Storage/storageAccounts', parameters('storageAccounts_covidreportingsashk_name'))]"
            ],
            "sku": {
                "name": "Standard_LRS",
                "tier": "Standard"
            },
            "properties": {
                "protocolSettings": {
                    "smb": {}
                },
                "cors": {
                    "corsRules": []
                },
                "shareDeleteRetentionPolicy": {
                    "enabled": true,
                    "days": 7
                }
            }
        },
        {
            "type": "Microsoft.Storage/storageAccounts/queueServices",
            "apiVersion": "2023-04-01",
            "name": "[concat(parameters('storageAccounts_covidreportingdlshk_name'), '/default')]",
            "dependsOn": [
                "[resourceId('Microsoft.Storage/storageAccounts', parameters('storageAccounts_covidreportingdlshk_name'))]"
            ],
            "properties": {
                "cors": {
                    "corsRules": []
                }
            }
        },
        {
            "type": "Microsoft.Storage/storageAccounts/queueServices",
            "apiVersion": "2023-04-01",
            "name": "[concat(parameters('storageAccounts_covidreportingsashk_name'), '/default')]",
            "dependsOn": [
                "[resourceId('Microsoft.Storage/storageAccounts', parameters('storageAccounts_covidreportingsashk_name'))]"
            ],
            "properties": {
                "cors": {
                    "corsRules": []
                }
            }
        },
        {
            "type": "Microsoft.Storage/storageAccounts/tableServices",
            "apiVersion": "2023-04-01",
            "name": "[concat(parameters('storageAccounts_covidreportingdlshk_name'), '/default')]",
            "dependsOn": [
                "[resourceId('Microsoft.Storage/storageAccounts', parameters('storageAccounts_covidreportingdlshk_name'))]"
            ],
            "properties": {
                "cors": {
                    "corsRules": []
                }
            }
        },
        {
            "type": "Microsoft.Storage/storageAccounts/tableServices",
            "apiVersion": "2023-04-01",
            "name": "[concat(parameters('storageAccounts_covidreportingsashk_name'), '/default')]",
            "dependsOn": [
                "[resourceId('Microsoft.Storage/storageAccounts', parameters('storageAccounts_covidreportingsashk_name'))]"
            ],
            "properties": {
                "cors": {
                    "corsRules": []
                }
            }
        },
        {
            "type": "Microsoft.Sql/servers/databases/advancedThreatProtectionSettings",
            "apiVersion": "2023-08-01-preview",
            "name": "[concat(parameters('servers_covid_srv_shk_name'), '/covid-db/Default')]",
            "dependsOn": [
                "[resourceId('Microsoft.Sql/servers/databases', parameters('servers_covid_srv_shk_name'), 'covid-db')]",
                "[resourceId('Microsoft.Sql/servers', parameters('servers_covid_srv_shk_name'))]"
            ],
            "properties": {
                "state": "Disabled"
            }
        },
        {
            "type": "Microsoft.Sql/servers/databases/advisors",
            "apiVersion": "2014-04-01",
            "name": "[concat(parameters('servers_covid_srv_shk_name'), '/covid-db/CreateIndex')]",
            "dependsOn": [
                "[resourceId('Microsoft.Sql/servers/databases', parameters('servers_covid_srv_shk_name'), 'covid-db')]",
                "[resourceId('Microsoft.Sql/servers', parameters('servers_covid_srv_shk_name'))]"
            ],
            "properties": {
                "autoExecuteValue": "Disabled"
            }
        },
        {
            "type": "Microsoft.Sql/servers/databases/advisors",
            "apiVersion": "2014-04-01",
            "name": "[concat(parameters('servers_covid_srv_shk_name'), '/covid-db/DbParameterization')]",
            "dependsOn": [
                "[resourceId('Microsoft.Sql/servers/databases', parameters('servers_covid_srv_shk_name'), 'covid-db')]",
                "[resourceId('Microsoft.Sql/servers', parameters('servers_covid_srv_shk_name'))]"
            ],
            "properties": {
                "autoExecuteValue": "Disabled"
            }
        },
        {
            "type": "Microsoft.Sql/servers/databases/advisors",
            "apiVersion": "2014-04-01",
            "name": "[concat(parameters('servers_covid_srv_shk_name'), '/covid-db/DefragmentIndex')]",
            "dependsOn": [
                "[resourceId('Microsoft.Sql/servers/databases', parameters('servers_covid_srv_shk_name'), 'covid-db')]",
                "[resourceId('Microsoft.Sql/servers', parameters('servers_covid_srv_shk_name'))]"
            ],
            "properties": {
                "autoExecuteValue": "Disabled"
            }
        },
        {
            "type": "Microsoft.Sql/servers/databases/advisors",
            "apiVersion": "2014-04-01",
            "name": "[concat(parameters('servers_covid_srv_shk_name'), '/covid-db/DropIndex')]",
            "dependsOn": [
                "[resourceId('Microsoft.Sql/servers/databases', parameters('servers_covid_srv_shk_name'), 'covid-db')]",
                "[resourceId('Microsoft.Sql/servers', parameters('servers_covid_srv_shk_name'))]"
            ],
            "properties": {
                "autoExecuteValue": "Disabled"
            }
        },
        {
            "type": "Microsoft.Sql/servers/databases/advisors",
            "apiVersion": "2014-04-01",
            "name": "[concat(parameters('servers_covid_srv_shk_name'), '/covid-db/ForceLastGoodPlan')]",
            "dependsOn": [
                "[resourceId('Microsoft.Sql/servers/databases', parameters('servers_covid_srv_shk_name'), 'covid-db')]",
                "[resourceId('Microsoft.Sql/servers', parameters('servers_covid_srv_shk_name'))]"
            ],
            "properties": {
                "autoExecuteValue": "Enabled"
            }
        },
        {
            "type": "Microsoft.Sql/servers/databases/auditingPolicies",
            "apiVersion": "2014-04-01",
            "name": "[concat(parameters('servers_covid_srv_shk_name'), '/covid-db/Default')]",
            "location": "UK South",
            "dependsOn": [
                "[resourceId('Microsoft.Sql/servers/databases', parameters('servers_covid_srv_shk_name'), 'covid-db')]",
                "[resourceId('Microsoft.Sql/servers', parameters('servers_covid_srv_shk_name'))]"
            ],
            "properties": {
                "auditingState": "Disabled"
            }
        },
        {
            "type": "Microsoft.Sql/servers/databases/auditingSettings",
            "apiVersion": "2023-08-01-preview",
            "name": "[concat(parameters('servers_covid_srv_shk_name'), '/covid-db/Default')]",
            "dependsOn": [
                "[resourceId('Microsoft.Sql/servers/databases', parameters('servers_covid_srv_shk_name'), 'covid-db')]",
                "[resourceId('Microsoft.Sql/servers', parameters('servers_covid_srv_shk_name'))]"
            ],
            "properties": {
                "retentionDays": 0,
                "isAzureMonitorTargetEnabled": false,
                "state": "Disabled",
                "storageAccountSubscriptionId": "00000000-0000-0000-0000-000000000000"
            }
        },
        {
            "type": "Microsoft.Sql/servers/databases/backupLongTermRetentionPolicies",
            "apiVersion": "2023-08-01-preview",
            "name": "[concat(parameters('servers_covid_srv_shk_name'), '/covid-db/default')]",
            "dependsOn": [
                "[resourceId('Microsoft.Sql/servers/databases', parameters('servers_covid_srv_shk_name'), 'covid-db')]",
                "[resourceId('Microsoft.Sql/servers', parameters('servers_covid_srv_shk_name'))]"
            ],
            "properties": {
                "weeklyRetention": "PT0S",
                "monthlyRetention": "PT0S",
                "yearlyRetention": "PT0S",
                "weekOfYear": 0
            }
        },
        {
            "type": "Microsoft.Sql/servers/databases/backupShortTermRetentionPolicies",
            "apiVersion": "2023-08-01-preview",
            "name": "[concat(parameters('servers_covid_srv_shk_name'), '/covid-db/default')]",
            "dependsOn": [
                "[resourceId('Microsoft.Sql/servers/databases', parameters('servers_covid_srv_shk_name'), 'covid-db')]",
                "[resourceId('Microsoft.Sql/servers', parameters('servers_covid_srv_shk_name'))]"
            ],
            "properties": {
                "retentionDays": 7,
                "diffBackupIntervalInHours": 24
            }
        },
        {
            "type": "Microsoft.Sql/servers/databases/extendedAuditingSettings",
            "apiVersion": "2023-08-01-preview",
            "name": "[concat(parameters('servers_covid_srv_shk_name'), '/covid-db/Default')]",
            "dependsOn": [
                "[resourceId('Microsoft.Sql/servers/databases', parameters('servers_covid_srv_shk_name'), 'covid-db')]",
                "[resourceId('Microsoft.Sql/servers', parameters('servers_covid_srv_shk_name'))]"
            ],
            "properties": {
                "retentionDays": 0,
                "isAzureMonitorTargetEnabled": false,
                "state": "Disabled",
                "storageAccountSubscriptionId": "00000000-0000-0000-0000-000000000000"
            }
        },
        {
            "type": "Microsoft.Sql/servers/databases/geoBackupPolicies",
            "apiVersion": "2023-08-01-preview",
            "name": "[concat(parameters('servers_covid_srv_shk_name'), '/covid-db/Default')]",
            "dependsOn": [
                "[resourceId('Microsoft.Sql/servers/databases', parameters('servers_covid_srv_shk_name'), 'covid-db')]",
                "[resourceId('Microsoft.Sql/servers', parameters('servers_covid_srv_shk_name'))]"
            ],
            "properties": {
                "state": "Disabled"
            }
        },
        {
            "type": "Microsoft.Sql/servers/databases/ledgerDigestUploads",
            "apiVersion": "2023-08-01-preview",
            "name": "[concat(parameters('servers_covid_srv_shk_name'), '/covid-db/Current')]",
            "dependsOn": [
                "[resourceId('Microsoft.Sql/servers/databases', parameters('servers_covid_srv_shk_name'), 'covid-db')]",
                "[resourceId('Microsoft.Sql/servers', parameters('servers_covid_srv_shk_name'))]"
            ],
            "properties": {}
        },
        {
            "type": "Microsoft.Sql/servers/databases/securityAlertPolicies",
            "apiVersion": "2023-08-01-preview",
            "name": "[concat(parameters('servers_covid_srv_shk_name'), '/covid-db/Default')]",
            "dependsOn": [
                "[resourceId('Microsoft.Sql/servers/databases', parameters('servers_covid_srv_shk_name'), 'covid-db')]",
                "[resourceId('Microsoft.Sql/servers', parameters('servers_covid_srv_shk_name'))]"
            ],
            "properties": {
                "state": "Disabled",
                "disabledAlerts": [
                    ""
                ],
                "emailAddresses": [
                    ""
                ],
                "emailAccountAdmins": false,
                "retentionDays": 0
            }
        },
        {
            "type": "Microsoft.Sql/servers/databases/transparentDataEncryption",
            "apiVersion": "2023-08-01-preview",
            "name": "[concat(parameters('servers_covid_srv_shk_name'), '/covid-db/Current')]",
            "dependsOn": [
                "[resourceId('Microsoft.Sql/servers/databases', parameters('servers_covid_srv_shk_name'), 'covid-db')]",
                "[resourceId('Microsoft.Sql/servers', parameters('servers_covid_srv_shk_name'))]"
            ],
            "properties": {
                "state": "Enabled"
            }
        },
        {
            "type": "Microsoft.Sql/servers/databases/vulnerabilityAssessments",
            "apiVersion": "2023-08-01-preview",
            "name": "[concat(parameters('servers_covid_srv_shk_name'), '/covid-db/Default')]",
            "dependsOn": [
                "[resourceId('Microsoft.Sql/servers/databases', parameters('servers_covid_srv_shk_name'), 'covid-db')]",
                "[resourceId('Microsoft.Sql/servers', parameters('servers_covid_srv_shk_name'))]"
            ],
            "properties": {
                "recurringScans": {
                    "isEnabled": false,
                    "emailSubscriptionAdmins": true
                }
            }
        },
        {
            "type": "Microsoft.Storage/storageAccounts/blobServices/containers",
            "apiVersion": "2023-04-01",
            "name": "[concat(parameters('storageAccounts_covidreportingsashk_name'), '/default/configs')]",
            "dependsOn": [
                "[resourceId('Microsoft.Storage/storageAccounts/blobServices', parameters('storageAccounts_covidreportingsashk_name'), 'default')]",
                "[resourceId('Microsoft.Storage/storageAccounts', parameters('storageAccounts_covidreportingsashk_name'))]"
            ],
            "properties": {
                "immutableStorageWithVersioning": {
                    "enabled": false
                },
                "defaultEncryptionScope": "$account-encryption-key",
                "denyEncryptionScopeOverride": false,
                "publicAccess": "None"
            }
        },
        {
            "type": "Microsoft.Storage/storageAccounts/blobServices/containers",
            "apiVersion": "2023-04-01",
            "name": "[concat(parameters('storageAccounts_covidreportingdlshk_name'), '/default/lookup')]",
            "dependsOn": [
                "[resourceId('Microsoft.Storage/storageAccounts/blobServices', parameters('storageAccounts_covidreportingdlshk_name'), 'default')]",
                "[resourceId('Microsoft.Storage/storageAccounts', parameters('storageAccounts_covidreportingdlshk_name'))]"
            ],
            "properties": {
                "immutableStorageWithVersioning": {
                    "enabled": false
                },
                "defaultEncryptionScope": "$account-encryption-key",
                "denyEncryptionScopeOverride": false,
                "publicAccess": "None"
            }
        },
        {
            "type": "Microsoft.Storage/storageAccounts/blobServices/containers",
            "apiVersion": "2023-04-01",
            "name": "[concat(parameters('storageAccounts_covidreportingsashk_name'), '/default/population')]",
            "dependsOn": [
                "[resourceId('Microsoft.Storage/storageAccounts/blobServices', parameters('storageAccounts_covidreportingsashk_name'), 'default')]",
                "[resourceId('Microsoft.Storage/storageAccounts', parameters('storageAccounts_covidreportingsashk_name'))]"
            ],
            "properties": {
                "immutableStorageWithVersioning": {
                    "enabled": false
                },
                "defaultEncryptionScope": "$account-encryption-key",
                "denyEncryptionScopeOverride": false,
                "publicAccess": "None"
            }
        },
        {
            "type": "Microsoft.Storage/storageAccounts/blobServices/containers",
            "apiVersion": "2023-04-01",
            "name": "[concat(parameters('storageAccounts_covidreportingdlshk_name'), '/default/processed')]",
            "dependsOn": [
                "[resourceId('Microsoft.Storage/storageAccounts/blobServices', parameters('storageAccounts_covidreportingdlshk_name'), 'default')]",
                "[resourceId('Microsoft.Storage/storageAccounts', parameters('storageAccounts_covidreportingdlshk_name'))]"
            ],
            "properties": {
                "immutableStorageWithVersioning": {
                    "enabled": false
                },
                "defaultEncryptionScope": "$account-encryption-key",
                "denyEncryptionScopeOverride": false,
                "publicAccess": "None"
            }
        },
        {
            "type": "Microsoft.Storage/storageAccounts/blobServices/containers",
            "apiVersion": "2023-04-01",
            "name": "[concat(parameters('storageAccounts_covidreportingdlshk_name'), '/default/raw')]",
            "dependsOn": [
                "[resourceId('Microsoft.Storage/storageAccounts/blobServices', parameters('storageAccounts_covidreportingdlshk_name'), 'default')]",
                "[resourceId('Microsoft.Storage/storageAccounts', parameters('storageAccounts_covidreportingdlshk_name'))]"
            ],
            "properties": {
                "immutableStorageWithVersioning": {
                    "enabled": false
                },
                "defaultEncryptionScope": "$account-encryption-key",
                "denyEncryptionScopeOverride": false,
                "publicAccess": "None"
            }
        },
        {
            "type": "Microsoft.Storage/storageAccounts/blobServices/containers",
            "apiVersion": "2023-04-01",
            "name": "[concat(parameters('storageAccounts_covidreportingsashk_name'), '/default/scripts')]",
            "dependsOn": [
                "[resourceId('Microsoft.Storage/storageAccounts/blobServices', parameters('storageAccounts_covidreportingsashk_name'), 'default')]",
                "[resourceId('Microsoft.Storage/storageAccounts', parameters('storageAccounts_covidreportingsashk_name'))]"
            ],
            "properties": {
                "immutableStorageWithVersioning": {
                    "enabled": false
                },
                "defaultEncryptionScope": "$account-encryption-key",
                "denyEncryptionScopeOverride": false,
                "publicAccess": "None"
            }
        }
    ]
}