{
    "$schema": "http://schema.management.azure.com/schemas/2015-01-01/deploymentTemplate.json#",
    "contentVersion": "1.0.0.0",
    "parameters": {
        "factoryName": {
            "type": "string",
            "metadata": "Data Factory name",
            "defaultValue": "covid19-reporting-adf-shk"
        },
        "dataFactory_location": {
            "type": "string",
            "defaultValue": "uksouth"
        },
        "dataFactory_identity_type": {
            "type": "string",
            "defaultValue": "SystemAssigned"
        }
    },
    "variables": {
        "factoryId": "[concat('Microsoft.DataFactory/factories/', parameters('factoryName'))]"
    },
    "resources": [
        {
            "name": "[parameters('factoryName')]",
            "type": "Microsoft.DataFactory/factories",
            "apiVersion": "2018-06-01",
            "properties": {},
            "dependsOn": [],
            "location": "[parameters('dataFactory_location')]",
            "identity": {
                "type": "[parameters('dataFactory_identity_type')]",
                "principalId": "949f9c05-c9f4-40a2-8973-52bfe1a4be95",
                "tenantId": "7ce7a1cf-baec-4fc7-8417-bd39464d338b"
            }
        }
    ]
}